TEAM_ID,LEAGUE_ID,SEASON_ID,STANDINGSDATE,CONFERENCE,TEAM,G,W,L,W_PCT,HOME_RECORD,ROAD_RECORD,RETURNTOPLAY
1610612743,0,22022,2022-12-22,West,Denver,30,19,11,0.633,10-3,9-8,
1610612763,0,22022,2022-12-22,West,Memphis,30,19,11,0.633,13-2,6-9,
1610612740,0,22022,2022-12-22,West,New Orleans,31,19,12,0.613,13-4,6-8,
1610612756,0,22022,2022-12-22,West,Phoenix,32,19,13,0.594,14-4,5-9,
1610612746,0,22022,2022-12-22,West,LA Clippers,33,19,14,0.576,11-7,8-7,
1610612758,0,22022,2022-12-22,West,Sacramento,30,17,13,0.567,9-5,8-8,
1610612762,0,22022,2022-12-22,West,Utah,35,19,16,0.543,12-5,7-11,
1610612757,0,22022,2022-12-22,West,Portland,32,17,15,0.531,7-6,10-9,
1610612742,0,22022,2022-12-22,West,Dallas,32,16,16,0.5,12-5,4-11,
1610612750,0,22022,2022-12-22,West,Minnesota,32,16,16,0.5,9-8,7-8,
1610612744,0,22022,2022-12-22,West,Golden State,33,15,18,0.455,12-2,3-16,
1610612760,0,22022,2022-12-22,West,Oklahoma City,32,14,18,0.438,9-7,5-11,
1610612747,0,22022,2022-12-22,West,L.A. Lakers,31,13,18,0.419,8-7,5-11,
1610612759,0,22022,2022-12-22,West,San Antonio,31,10,21,0.323,5-12,5-9,
1610612745,0,22022,2022-12-22,West,Houston,31,9,22,0.29,6-9,3-13,
1610612758,0,12022,2022-10-17,West,Sacramento,4,4,0,1.0,2-0,2-0,
1610612760,0,12022,2022-10-17,West,Oklahoma City,6,5,1,0.833,2-1,3-0,
1610612750,0,12022,2022-10-17,West,Minnesota,5,4,1,0.8,0-1,4-0,
1610612740,0,12022,2022-10-17,West,New Orleans,5,4,1,0.8,2-0,2-1,
1610612745,0,12022,2022-10-17,West,Houston,4,3,1,0.75,2-0,1-1,
1610612742,0,12022,2022-10-17,West,Dallas,3,2,1,0.667,0-1,2-0,
1610612743,0,12022,2022-10-17,West,Denver,5,3,2,0.6,1-1,2-1,
1610612744,0,12022,2022-10-17,West,Golden State,5,3,2,0.6,2-2,1-0,
1610612763,0,12022,2022-10-17,West,Memphis,5,3,2,0.6,1-1,2-1,
1610612746,0,12022,2022-10-17,West,LA Clippers,4,2,2,0.5,2-2,0-0,
1610612756,0,12022,2022-10-17,West,Phoenix,4,1,3,0.25,0-2,1-1,
1610612762,0,12022,2022-10-17,West,Utah,4,1,3,0.25,0-2,1-1,
1610612757,0,12022,2022-10-17,West,Portland,5,1,4,0.2,1-1,0-3,
1610612759,0,12022,2022-10-17,West,San Antonio,5,1,4,0.2,0-3,1-1,
1610612747,0,12022,2022-10-17,West,L.A. Lakers,6,1,5,0.167,0-4,1-1,
1610612756,0,22021,2022-09-29,West,Phoenix,82,64,18,0.78,32-9,32-9,
1610612763,0,22021,2022-09-29,West,Memphis,82,56,26,0.683,30-11,26-15,
1610612744,0,22021,2022-09-29,West,Golden State,82,53,29,0.646,31-10,22-19,
1610612742,0,22021,2022-09-29,West,Dallas,82,52,30,0.634,29-12,23-18,
1610612762,0,22021,2022-09-29,West,Utah,82,49,33,0.598,29-12,20-21,
1610612743,0,22021,2022-09-29,West,Denver,82,48,34,0.585,23-18,25-16,
1610612750,0,22021,2022-09-29,West,Minnesota,82,46,36,0.561,26-15,20-21,
1610612746,0,22021,2022-09-29,West,LA Clippers,82,42,40,0.512,25-16,17-24,
1610612740,0,22021,2022-09-29,West,New Orleans,82,36,46,0.439,19-22,17-24,
1610612759,0,22021,2022-09-29,West,San Antonio,82,34,48,0.415,16-25,18-23,
1610612747,0,22021,2022-09-29,West,L.A. Lakers,82,33,49,0.402,21-20,12-29,
1610612758,0,22021,2022-09-29,West,Sacramento,82,30,52,0.366,16-25,14-27,
1610612757,0,22021,2022-09-29,West,Portland,82,27,55,0.329,17-24,10-31,
1610612760,0,22021,2022-09-29,West,Oklahoma City,82,24,58,0.293,12-29,12-29,
1610612745,0,22021,2022-09-29,West,Houston,82,20,62,0.244,11-30,9-32,
1610612749,0,22022,2022-12-22,East,Milwaukee,31,22,9,0.71,14-3,8-6,
1610612738,0,22022,2022-12-22,East,Boston,32,22,10,0.688,11-5,11-5,
1610612739,0,22022,2022-12-22,East,Cleveland,33,22,11,0.667,16-2,6-9,
1610612751,0,22022,2022-12-22,East,Brooklyn,32,20,12,0.625,11-5,9-7,
1610612755,0,22022,2022-12-22,East,Philadelphia,30,18,12,0.6,13-5,5-7,
1610612752,0,22022,2022-12-22,East,New York,32,18,14,0.563,8-8,10-6,
1610612737,0,22022,2022-12-22,East,Atlanta,32,16,16,0.5,10-6,6-10,
1610612754,0,22022,2022-12-22,East,Indiana,32,16,16,0.5,9-7,7-9,
1610612748,0,22022,2022-12-22,East,Miami,32,16,16,0.5,9-7,7-9,
1610612761,0,22022,2022-12-22,East,Toronto,32,14,18,0.438,10-6,4-12,
1610612741,0,22022,2022-12-22,East,Chicago,31,13,18,0.419,7-7,6-11,
1610612753,0,22022,2022-12-22,East,Orlando,33,12,21,0.364,8-9,4-12,
1610612764,0,22022,2022-12-22,East,Washington,33,12,21,0.364,8-7,4-14,
1610612766,0,22022,2022-12-22,East,Charlotte,32,8,24,0.25,4-11,4-13,
1610612765,0,22022,2022-12-22,East,Detroit,34,8,26,0.235,4-12,4-14,
1610612755,0,12022,2022-10-17,East,Philadelphia,4,4,0,1.0,2-0,2-0,
1610612748,0,12022,2022-10-17,East,Miami,5,4,1,0.8,2-1,2-0,
1610612753,0,12022,2022-10-17,East,Orlando,5,4,1,0.8,2-0,2-1,
1610612741,0,12022,2022-10-17,East,Chicago,4,3,1,0.75,2-1,1-0,
1610612752,0,12022,2022-10-17,East,New York,4,3,1,0.75,3-0,0-1,
1610612761,0,12022,2022-10-17,East,Toronto,5,3,2,0.6,2-1,1-1,
1610612737,0,12022,2022-10-17,East,Atlanta,4,2,2,0.5,1-0,1-2,
1610612738,0,12022,2022-10-17,East,Boston,4,2,2,0.5,1-1,1-1,
1610612751,0,12022,2022-10-17,East,Brooklyn,4,2,2,0.5,0-2,2-0,
1610612754,0,12022,2022-10-17,East,Indiana,4,2,2,0.5,1-1,1-1,
1610612739,0,12022,2022-10-17,East,Cleveland,4,1,3,0.25,1-1,0-2,
1610612764,0,12022,2022-10-17,East,Washington,4,1,3,0.25,0-1,1-2,
1610612766,0,12022,2022-10-17,East,Charlotte,5,0,5,0.0,0-3,0-2,
1610612749,0,12022,2022-10-17,East,Milwaukee,5,0,5,0.0,0-3,0-2,
1610612765,0,12022,2022-10-17,East,Detroit,4,0,4,0.0,0-2,0-2,
1610612748,0,22021,2022-09-29,East,Miami,82,53,29,0.646,29-12,24-17,
1610612738,0,22021,2022-09-29,East,Boston,82,51,31,0.622,28-13,23-18,
1610612749,0,22021,2022-09-29,East,Milwaukee,82,51,31,0.622,27-14,24-17,
1610612755,0,22021,2022-09-29,East,Philadelphia,82,51,31,0.622,24-17,27-14,
1610612761,0,22021,2022-09-29,East,Toronto,82,48,34,0.585,24-17,24-17,
1610612741,0,22021,2022-09-29,East,Chicago,82,46,36,0.561,27-14,19-22,
1610612751,0,22021,2022-09-29,East,Brooklyn,82,44,38,0.537,20-21,24-17,
1610612739,0,22021,2022-09-29,East,Cleveland,82,44,38,0.537,25-16,19-22,
1610612737,0,22021,2022-09-29,East,Atlanta,82,43,39,0.524,27-14,16-25,
1610612766,0,22021,2022-09-29,East,Charlotte,82,43,39,0.524,22-19,21-20,
1610612752,0,22021,2022-09-29,East,New York,82,37,45,0.451,17-24,20-21,
1610612764,0,22021,2022-09-29,East,Washington,82,35,47,0.427,21-20,14-27,
1610612754,0,22021,2022-09-29,East,Indiana,82,25,57,0.305,16-25,9-32,
1610612765,0,22021,2022-09-29,East,Detroit,82,23,59,0.28,13-28,10-31,
1610612753,0,22021,2022-09-29,East,Orlando,82,22,60,0.268,12-29,10-31,
1610612744,0,12021,2021-10-18,West,Golden State,5,5,0,1.0,3-0,2-0,
1610612742,0,12021,2021-10-18,West,Dallas,4,4,0,1.0,2-0,2-0,
1610612758,0,12021,2021-10-18,West,Sacramento,4,4,0,1.0,2-0,2-0,
1610612750,0,12021,2021-10-18,West,Minnesota,4,3,1,0.75,1-0,2-1,
1610612756,0,12021,2021-10-18,West,Phoenix,4,3,1,0.75,2-0,1-1,
1610612759,0,12021,2021-10-18,West,San Antonio,5,3,2,0.6,2-1,1-1,
1610612763,0,12021,2021-10-18,West,Memphis,6,3,3,0.5,2-1,1-2,
1610612762,0,12021,2021-10-18,West,Utah,4,2,2,0.5,2-0,0-2,
1610612745,0,12021,2021-10-18,West,Houston,4,1,3,0.25,1-1,0-2,
1610612746,0,12021,2021-10-18,West,LA Clippers,4,1,3,0.25,1-2,0-1,
1610612740,0,12021,2021-10-18,West,New Orleans,4,1,3,0.25,1-0,0-3,
1610612760,0,12021,2021-10-18,West,Oklahoma City,4,1,3,0.25,1-2,0-1,
1610612743,0,12021,2021-10-18,West,Denver,5,1,4,0.2,0-1,1-3,
1610612747,0,12021,2021-10-18,West,L.A. Lakers,6,0,6,0.0,0-3,0-3,
1610612757,0,12021,2021-10-18,West,Portland,4,0,4,0.0,0-2,0-2,
1610612762,0,22020,2021-10-02,West,Utah,72,52,20,0.722,31-5,21-15,
1610612756,0,22020,2021-10-02,West,Phoenix,72,51,21,0.708,27-9,24-12,
1610612743,0,22020,2021-10-02,West,Denver,72,47,25,0.653,25-11,22-14,
1610612746,0,22020,2021-10-02,West,LA Clippers,72,47,25,0.653,26-10,21-15,
1610612742,0,22020,2021-10-02,West,Dallas,72,42,30,0.583,21-15,21-15,
1610612747,0,22020,2021-10-02,West,L.A. Lakers,72,42,30,0.583,21-15,21-15,
1610612757,0,22020,2021-10-02,West,Portland,72,42,30,0.583,20-16,22-14,
1610612744,0,22020,2021-10-02,West,Golden State,72,39,33,0.542,25-11,14-22,
1610612763,0,22020,2021-10-02,West,Memphis,72,38,34,0.528,18-18,20-16,
1610612759,0,22020,2021-10-02,West,San Antonio,72,33,39,0.458,14-22,19-17,
1610612740,0,22020,2021-10-02,West,New Orleans,72,31,41,0.431,18-18,13-23,
1610612758,0,22020,2021-10-02,West,Sacramento,72,31,41,0.431,16-20,15-21,
1610612750,0,22020,2021-10-02,West,Minnesota,72,23,49,0.319,13-23,10-26,
1610612760,0,22020,2021-10-02,West,Oklahoma City,72,22,50,0.306,10-26,12-24,
1610612745,0,22020,2021-10-02,West,Houston,72,17,55,0.236,9-27,8-28,
1610612741,0,12021,2021-10-18,East,Chicago,4,4,0,1.0,3-0,1-0,
1610612752,0,12021,2021-10-18,East,New York,4,4,0,1.0,3-0,1-0,
1610612748,0,12021,2021-10-18,East,Miami,6,5,1,0.833,3-0,2-1,
1610612751,0,12021,2021-10-18,East,Brooklyn,4,3,1,0.75,2-0,1-1,
1610612761,0,12021,2021-10-18,East,Toronto,5,3,2,0.6,2-0,1-2,
1610612737,0,12021,2021-10-18,East,Atlanta,4,2,2,0.5,1-1,1-1,
1610612738,0,12021,2021-10-18,East,Boston,4,2,2,0.5,2-0,0-2,
1610612765,0,12021,2021-10-18,East,Detroit,4,2,2,0.5,2-0,0-2,
1610612754,0,12021,2021-10-18,East,Indiana,4,2,2,0.5,1-1,1-1,
1610612755,0,12021,2021-10-18,East,Philadelphia,4,2,2,0.5,2-0,0-2,
1610612739,0,12021,2021-10-18,East,Cleveland,5,2,3,0.4,0-2,2-1,
1610612766,0,12021,2021-10-18,East,Charlotte,4,1,3,0.25,0-2,1-1,
1610612753,0,12021,2021-10-18,East,Orlando,4,1,3,0.25,1-1,0-2,
1610612749,0,12021,2021-10-18,East,Milwaukee,5,1,4,0.2,1-1,0-3,
1610612764,0,12021,2021-10-18,East,Washington,4,0,4,0.0,0-2,0-2,
1610612755,0,22020,2021-10-02,East,Philadelphia,72,49,23,0.681,29-7,20-16,
1610612751,0,22020,2021-10-02,East,Brooklyn,72,48,24,0.667,28-8,20-16,
1610612749,0,22020,2021-10-02,East,Milwaukee,72,46,26,0.639,26-10,20-16,
1610612737,0,22020,2021-10-02,East,Atlanta,72,41,31,0.569,25-11,16-20,
1610612752,0,22020,2021-10-02,East,New York,72,41,31,0.569,25-11,16-20,
1610612748,0,22020,2021-10-02,East,Miami,72,40,32,0.556,21-15,19-17,
1610612738,0,22020,2021-10-02,East,Boston,72,36,36,0.5,21-15,15-21,
1610612754,0,22020,2021-10-02,East,Indiana,72,34,38,0.472,13-23,21-15,
1610612764,0,22020,2021-10-02,East,Washington,72,34,38,0.472,19-17,15-21,
1610612766,0,22020,2021-10-02,East,Charlotte,72,33,39,0.458,18-18,15-21,
1610612741,0,22020,2021-10-02,East,Chicago,72,31,41,0.431,15-21,16-20,
1610612761,0,22020,2021-10-02,East,Toronto,72,27,45,0.375,16-20,11-25,
1610612739,0,22020,2021-10-02,East,Cleveland,72,22,50,0.306,13-23,9-27,
1610612753,0,22020,2021-10-02,East,Orlando,72,21,51,0.292,11-25,10-26,
1610612765,0,22020,2021-10-02,East,Detroit,72,20,52,0.278,13-23,7-29,
1610612747,0,12020,2020-12-21,West,L.A. Lakers,4,4,0,1.0,2-0,2-0,
1610612762,0,12020,2020-12-21,West,Utah,3,3,0,1.0,2-0,1-0,
1610612740,0,12020,2020-12-21,West,New Orleans,2,2,0,1.0,1-0,1-0,
1610612745,0,12020,2020-12-21,West,Houston,4,3,1,0.75,2-0,1-1,
1610612763,0,12020,2020-12-21,West,Memphis,4,3,1,0.75,1-1,2-0,
1610612742,0,12020,2020-12-21,West,Dallas,3,2,1,0.667,0-1,2-0,
1610612743,0,12020,2020-12-21,West,Denver,3,2,1,0.667,2-0,0-1,
1610612744,0,12020,2020-12-21,West,Golden State,3,2,1,0.667,1-0,1-1,
1610612758,0,12020,2020-12-21,West,Sacramento,4,2,2,0.5,1-1,1-1,
1610612750,0,12020,2020-12-21,West,Minnesota,3,1,2,0.333,0-2,1-0,
1610612760,0,12020,2020-12-21,West,Oklahoma City,3,1,2,0.333,0-2,1-0,
1610612757,0,12020,2020-12-21,West,Portland,4,1,3,0.25,1-1,0-2,
1610612756,0,12020,2020-12-21,West,Phoenix,4,0,4,0.0,0-2,0-2,
1610612746,0,12020,2020-12-21,West,LA Clippers,3,0,3,0.0,0-1,0-2,
1610612759,0,12020,2020-12-21,West,San Antonio,3,0,3,0.0,0-1,0-2,
1610612751,0,12020,2020-12-21,East,Brooklyn,2,2,0,1.0,1-0,1-0,
1610612755,0,12020,2020-12-21,East,Philadelphia,2,2,0,1.0,1-0,1-0,
1610612741,0,12020,2020-12-21,East,Chicago,4,3,1,0.75,1-1,2-0,
1610612752,0,12020,2020-12-21,East,New York,4,3,1,0.75,2-0,1-1,
1610612761,0,12020,2020-12-21,East,Toronto,3,2,1,0.667,0-1,2-0,
1610612737,0,12020,2020-12-21,East,Atlanta,4,2,2,0.5,1-1,1-1,
1610612739,0,12020,2020-12-21,East,Cleveland,4,2,2,0.5,2-0,0-2,
1610612765,0,12020,2020-12-21,East,Detroit,4,2,2,0.5,1-1,1-1,
1610612753,0,12020,2020-12-21,East,Orlando,4,2,2,0.5,1-1,1-1,
1610612748,0,12020,2020-12-21,East,Miami,2,1,1,0.5,0-1,1-0,
1610612764,0,12020,2020-12-21,East,Washington,3,1,2,0.333,1-1,0-1,
1610612766,0,12020,2020-12-21,East,Charlotte,4,1,3,0.25,0-2,1-1,
1610612754,0,12020,2020-12-21,East,Indiana,3,0,3,0.0,0-1,0-2,
1610612749,0,12020,2020-12-21,East,Milwaukee,3,0,3,0.0,0-2,0-1,
1610612738,0,12020,2020-12-21,East,Boston,2,0,2,0.0,0-1,0-1,
1610612747,0,22019,2020-12-10,West,L.A. Lakers,71,52,19,0.732,25-10,27-9,
1610612746,0,22019,2020-12-10,West,LA Clippers,72,49,23,0.6809999999999999,27-9,22-14,
1610612743,0,22019,2020-12-10,West,Denver,73,46,27,0.63,26-11,20-16,
1610612745,0,22019,2020-12-10,West,Houston,72,44,28,0.611,24-12,20-16,
1610612760,0,22019,2020-12-10,West,Oklahoma City,72,44,28,0.611,23-14,21-14,
1610612762,0,22019,2020-12-10,West,Utah,72,44,28,0.611,23-12,21-16,
1610612742,0,22019,2020-12-10,West,Dallas,75,43,32,0.573,20-18,23-14,
1610612757,0,22019,2020-12-10,West,Portland,74,35,39,0.473,21-15,14-24,
1610612763,0,22019,2020-12-10,West,Memphis,73,34,39,0.466,20-17,14-22,
1610612756,0,22019,2020-12-10,West,Phoenix,73,34,39,0.466,17-22,17-17,
1610612759,0,22019,2020-12-10,West,San Antonio,71,32,39,0.451,19-15,13-24,
1610612758,0,22019,2020-12-10,West,Sacramento,72,31,41,0.431,16-19,15-22,
1610612740,0,22019,2020-12-10,West,New Orleans,72,30,42,0.417,15-21,15-21,
1610612750,0,22019,2020-12-10,West,Minnesota,64,19,45,0.297,8-24,11-21,
1610612744,0,22019,2020-12-10,West,Golden State,65,15,50,0.231,8-26,7-24,
1610612740,0,12019,2020-07-29,West,New Orleans,3,3,0,1.0,1-0,2-0,
1610612760,0,12019,2020-07-29,West,Oklahoma City,3,3,0,1.0,1-0,2-0,
1610612742,0,12019,2020-07-29,West,Dallas,3,2,1,0.667,0-1,2-0,
1610612745,0,12019,2020-07-29,West,Houston,3,2,1,0.667,1-0,1-1,
1610612747,0,12019,2020-07-29,West,L.A. Lakers,3,2,1,0.667,1-1,1-0,
1610612746,0,12019,2020-07-29,West,LA Clippers,3,2,1,0.667,1-1,1-0,
1610612756,0,12019,2020-07-29,West,Phoenix,3,2,1,0.667,1-0,1-1,
1610612762,0,12019,2020-07-29,West,Utah,3,2,1,0.667,1-1,1-0,
1610612743,0,12019,2020-07-29,West,Denver,3,1,2,0.333,1-1,0-1,
1610612763,0,12019,2020-07-29,West,Memphis,3,1,2,0.333,0-1,1-1,
1610612758,0,12019,2020-07-29,West,Sacramento,3,1,2,0.333,0-1,1-1,
1610612759,0,12019,2020-07-29,West,San Antonio,3,1,2,0.333,0-1,1-1,
1610612757,0,12019,2020-07-29,West,Portland,3,0,3,0.0,0-1,0-2,
1610612744,0,12019,2020-07-29,West,Golden State,0,0,0,0.0,0-0,0-0,
1610612750,0,12019,2020-07-29,West,Minnesota,0,0,0,0.0,0-0,0-0,
1610612749,0,22019,2020-12-10,East,Milwaukee,73,56,17,0.767,30-5,26-12,1.0
1610612761,0,22019,2020-12-10,East,Toronto,72,53,19,0.736,26-10,27-9,1.0
1610612738,0,22019,2020-12-10,East,Boston,72,48,24,0.667,26-10,22-14,1.0
1610612754,0,22019,2020-12-10,East,Indiana,73,45,28,0.616,25-11,20-17,1.0
1610612748,0,22019,2020-12-10,East,Miami,73,44,29,0.603,29-7,15-22,1.0
1610612755,0,22019,2020-12-10,East,Philadelphia,73,43,30,0.589,31-4,12-26,1.0
1610612751,0,22019,2020-12-10,East,Brooklyn,72,35,37,0.486,20-16,15-21,1.0
1610612753,0,22019,2020-12-10,East,Orlando,73,33,40,0.452,18-17,15-23,1.0
1610612764,0,22019,2020-12-10,East,Washington,72,25,47,0.347,16-20,9-27,1.0
1610612766,0,22019,2020-12-10,East,Charlotte,65,23,42,0.354,10-21,13-21,0.0
1610612741,0,22019,2020-12-10,East,Chicago,65,22,43,0.338,14-20,8-23,0.0
1610612752,0,22019,2020-12-10,East,New York,66,21,45,0.318,11-22,10-23,0.0
1610612765,0,22019,2020-12-10,East,Detroit,66,20,46,0.303,11-22,9-24,0.0
1610612737,0,22019,2020-12-10,East,Atlanta,67,20,47,0.299,14-20,6-27,0.0
1610612739,0,22019,2020-12-10,East,Cleveland,65,19,46,0.292,11-25,8-21,0.0
1610612754,0,12019,2020-07-29,East,Indiana,3,2,1,0.667,1-1,1-0,
1610612749,0,12019,2020-07-29,East,Milwaukee,3,2,1,0.667,1-1,1-0,
1610612761,0,12019,2020-07-29,East,Toronto,3,2,1,0.667,2-0,0-1,
1610612738,0,12019,2020-07-29,East,Boston,3,1,2,0.333,1-1,0-1,
1610612751,0,12019,2020-07-29,East,Brooklyn,3,1,2,0.333,0-2,1-0,
1610612748,0,12019,2020-07-29,East,Miami,3,1,2,0.333,1-1,0-1,
1610612753,0,12019,2020-07-29,East,Orlando,3,1,2,0.333,0-1,1-1,
1610612755,0,12019,2020-07-29,East,Philadelphia,3,1,2,0.333,1-1,0-1,
1610612764,0,12019,2020-07-29,East,Washington,3,0,3,0.0,0-1,0-2,
1610612737,0,12019,2020-07-29,East,Atlanta,0,0,0,0.0,0-0,0-0,
1610612766,0,12019,2020-07-29,East,Charlotte,0,0,0,0.0,0-0,0-0,
1610612741,0,12019,2020-07-29,East,Chicago,0,0,0,0.0,0-0,0-0,
1610612739,0,12019,2020-07-29,East,Cleveland,0,0,0,0.0,0-0,0-0,
1610612765,0,12019,2020-07-29,East,Detroit,0,0,0,0.0,0-0,0-0,
1610612752,0,12019,2020-07-29,East,New York,0,0,0,0.0,0-0,0-0,
1610612759,0,22013,2014-08-31,West,San Antonio,82,62,20,0.7559999999999999,32-9,30-11,
1610612760,0,22013,2014-08-31,West,Oklahoma City,82,59,23,0.72,34-7,25-16,
1610612746,0,22013,2014-08-31,West,L.A. Clippers,82,57,25,0.695,34-7,23-18,
1610612745,0,22013,2014-08-31,West,Houston,82,54,28,0.659,33-8,21-20,
1610612757,0,22013,2014-08-31,West,Portland,82,54,28,0.659,31-10,23-18,
1610612744,0,22013,2014-08-31,West,Golden State,82,51,31,0.622,27-14,24-17,
1610612763,0,22013,2014-08-31,West,Memphis,82,50,32,0.61,27-14,23-18,
1610612742,0,22013,2014-08-31,West,Dallas,82,49,33,0.598,26-15,23-18,
1610612756,0,22013,2014-08-31,West,Phoenix,82,48,34,0.585,26-15,22-19,
1610612750,0,22013,2014-08-31,West,Minnesota,82,40,42,0.488,24-17,16-25,
1610612743,0,22013,2014-08-31,West,Denver,82,36,46,0.439,22-19,14-27,
1610612740,0,22013,2014-08-31,West,New Orleans,82,34,48,0.415,22-19,12-29,
1610612758,0,22013,2014-08-31,West,Sacramento,82,28,54,0.341,17-24,11-30,
1610612747,0,22013,2014-08-31,West,L.A. Lakers,82,27,55,0.3289999999999999,14-27,13-28,
1610612762,0,22013,2014-08-31,West,Utah,82,25,57,0.305,16-25,9-32,
1610612740,0,12013,2013-10-28,West,New Orleans,8,7,1,0.875,2-1,5-0,
1610612745,0,12013,2013-10-28,West,Houston,7,6,1,0.857,3-1,3-0,
1610612756,0,12013,2013-10-28,West,Phoenix,7,5,2,0.7140000000000001,2-1,3-1,
1610612757,0,12013,2013-10-28,West,Portland,7,5,2,0.7140000000000001,2-2,3-0,
1610612758,0,12013,2013-10-28,West,Sacramento,7,5,2,0.7140000000000001,3-0,2-2,
1610612746,0,12013,2013-10-28,West,L.A. Clippers,8,5,3,0.625,2-2,3-1,
1610612750,0,12013,2013-10-28,West,Minnesota,7,4,3,0.5710000000000001,2-2,2-1,
1610612760,0,12013,2013-10-28,West,Oklahoma City,7,4,3,0.5710000000000001,2-2,2-1,
1610612742,0,12013,2013-10-28,West,Dallas,8,4,4,0.5,1-3,3-1,
1610612747,0,12013,2013-10-28,West,L.A. Lakers,8,4,4,0.5,4-3,0-1,
1610612763,0,12013,2013-10-28,West,Memphis,8,4,4,0.5,2-2,2-2,
1610612744,0,12013,2013-10-28,West,Golden State,7,3,4,0.429,2-1,1-3,
1610612759,0,12013,2013-10-28,West,San Antonio,7,3,4,0.429,2-2,1-2,
1610612743,0,12013,2013-10-28,West,Denver,7,2,5,0.286,1-1,1-4,
1610612762,0,12013,2013-10-28,West,Utah,8,1,7,0.125,1-2,0-5,
1610612760,0,22012,2013-10-04,West,Oklahoma City,82,60,22,0.732,34-7,26-15,
1610612759,0,22012,2013-10-04,West,San Antonio,82,58,24,0.7070000000000001,35-6,23-18,
1610612743,0,22012,2013-10-04,West,Denver,82,57,25,0.695,38-3,19-22,
1610612746,0,22012,2013-10-04,West,L.A. Clippers,82,56,26,0.6829999999999999,32-9,24-17,
1610612763,0,22012,2013-10-04,West,Memphis,82,56,26,0.6829999999999999,32-9,24-17,
1610612744,0,22012,2013-10-04,West,Golden State,82,47,35,0.573,28-13,19-22,
1610612745,0,22012,2013-10-04,West,Houston,82,45,37,0.5489999999999999,29-12,16-25,
1610612747,0,22012,2013-10-04,West,L.A. Lakers,82,45,37,0.5489999999999999,29-12,16-25,
1610612762,0,22012,2013-10-04,West,Utah,82,43,39,0.524,30-11,13-28,
1610612742,0,22012,2013-10-04,West,Dallas,82,41,41,0.5,24-17,17-24,
1610612757,0,22012,2013-10-04,West,Portland,82,33,49,0.402,22-19,11-30,
1610612750,0,22012,2013-10-04,West,Minnesota,82,31,51,0.3779999999999999,20-21,11-30,
1610612758,0,22012,2013-10-04,West,Sacramento,82,28,54,0.341,20-21,8-33,
1610612740,0,22012,2013-10-04,West,New Orleans,82,27,55,0.3289999999999999,16-25,11-30,
1610612756,0,22012,2013-10-04,West,Phoenix,82,25,57,0.305,17-24,8-33,
1610612744,0,12012,2012-10-29,West,Golden State,8,6,2,0.75,3-0,3-2,
1610612745,0,12012,2012-10-29,West,Houston,7,5,2,0.7140000000000001,3-1,2-1,
1610612750,0,12012,2012-10-29,West,Minnesota,7,5,2,0.7140000000000001,4-0,1-2,
1610612758,0,12012,2012-10-29,West,Sacramento,7,5,2,0.7140000000000001,2-1,3-1,
1610612746,0,12012,2012-10-29,West,L.A. Clippers,8,5,3,0.625,3-2,2-1,
1610612762,0,12012,2012-10-29,West,Utah,8,5,3,0.625,3-0,2-3,
1610612760,0,12012,2012-10-29,West,Oklahoma City,7,4,3,0.5710000000000001,4-0,0-3,
1610612756,0,12012,2012-10-29,West,Phoenix,7,4,3,0.5710000000000001,3-0,1-3,
1610612759,0,12012,2012-10-29,West,San Antonio,7,4,3,0.5710000000000001,3-1,1-2,
1610612742,0,12012,2012-10-29,West,Dallas,8,4,4,0.5,3-1,1-3,
1610612763,0,12012,2012-10-29,West,Memphis,8,4,4,0.5,3-1,1-3,
1610612740,0,12012,2012-10-29,West,New Orleans,8,4,4,0.5,2-1,2-3,
1610612743,0,12012,2012-10-29,West,Denver,7,3,4,0.429,1-1,2-3,
1610612757,0,12012,2012-10-29,West,Portland,7,3,4,0.429,2-1,1-3,
1610612747,0,12012,2012-10-29,West,L.A. Lakers,8,0,8,0.0,0-7,0-1,
1610612759,0,22011,2012-10-04,West,San Antonio,66,50,16,0.758,28-5,22-11,
1610612760,0,22011,2012-10-04,West,Oklahoma City,66,47,19,0.7120000000000001,26-7,21-12,
1610612747,0,22011,2012-10-04,West,L.A. Lakers,66,41,25,0.621,26-7,15-18,
1610612763,0,22011,2012-10-04,West,Memphis,66,41,25,0.621,26-7,15-18,
1610612746,0,22011,2012-10-04,West,L.A. Clippers,66,40,26,0.606,24-9,16-17,
1610612743,0,22011,2012-10-04,West,Denver,66,38,28,0.5760000000000001,20-13,18-15,
1610612742,0,22011,2012-10-04,West,Dallas,66,36,30,0.545,23-10,13-20,
1610612762,0,22011,2012-10-04,West,Utah,66,36,30,0.545,25-8,11-22,
1610612745,0,22011,2012-10-04,West,Houston,66,34,32,0.515,22-11,12-21,
1610612756,0,22011,2012-10-04,West,Phoenix,66,33,33,0.5,19-14,14-19,
1610612757,0,22011,2012-10-04,West,Portland,66,28,38,0.424,20-13,8-25,
1610612750,0,22011,2012-10-04,West,Minnesota,66,26,40,0.3939999999999999,13-20,13-20,
1610612744,0,22011,2012-10-04,West,Golden State,66,23,43,0.348,12-21,11-22,
1610612758,0,22011,2012-10-04,West,Sacramento,66,22,44,0.3329999999999999,16-17,6-27,
1610612740,0,22011,2012-10-04,West,New Orleans,66,21,45,0.318,11-22,10-23,
1610612743,0,12011,2011-12-24,West,Denver,2,2,0,1.0,1-0,1-0,
1610612746,0,12011,2011-12-24,West,L.A. Clippers,2,2,0,1.0,1-0,1-0,
1610612750,0,12011,2011-12-24,West,Minnesota,2,2,0,1.0,1-0,1-0,
1610612740,0,12011,2011-12-24,West,New Orleans,2,2,0,1.0,1-0,1-0,
1610612760,0,12011,2011-12-24,West,Oklahoma City,2,2,0,1.0,1-0,1-0,
1610612744,0,12011,2011-12-24,West,Golden State,2,1,1,0.5,1-0,0-1,
1610612745,0,12011,2011-12-24,West,Houston,2,1,1,0.5,1-0,0-1,
1610612757,0,12011,2011-12-24,West,Portland,2,1,1,0.5,1-0,0-1,
1610612758,0,12011,2011-12-24,West,Sacramento,2,1,1,0.5,1-0,0-1,
1610612759,0,12011,2011-12-24,West,San Antonio,2,1,1,0.5,1-0,0-1,
1610612762,0,12011,2011-12-24,West,Utah,2,1,1,0.5,1-0,0-1,
1610612742,0,12011,2011-12-24,West,Dallas,2,0,2,0.0,0-1,0-1,
1610612747,0,12011,2011-12-24,West,L.A. Lakers,2,0,2,0.0,0-1,0-1,
1610612763,0,12011,2011-12-24,West,Memphis,2,0,2,0.0,0-1,0-1,
1610612756,0,12011,2011-12-24,West,Phoenix,2,0,2,0.0,0-1,0-1,
1610612759,0,22010,2011-12-15,West,San Antonio,82,61,21,0.7440000000000001,36-5,25-16,
1610612742,0,22010,2011-12-15,West,Dallas,82,57,25,0.695,29-12,28-13,
1610612747,0,22010,2011-12-15,West,L.A. Lakers,82,57,25,0.695,30-11,27-14,
1610612760,0,22010,2011-12-15,West,Oklahoma City,82,55,27,0.6709999999999999,30-11,25-16,
1610612743,0,22010,2011-12-15,West,Denver,82,50,32,0.61,33-8,17-24,
1610612757,0,22010,2011-12-15,West,Portland,82,48,34,0.585,30-11,18-23,
1610612763,0,22010,2011-12-15,West,Memphis,82,46,36,0.561,30-11,16-25,
1610612740,0,22010,2011-12-15,West,New Orleans,82,46,36,0.561,28-13,18-23,
1610612745,0,22010,2011-12-15,West,Houston,82,43,39,0.524,25-16,18-23,
1610612756,0,22010,2011-12-15,West,Phoenix,82,40,42,0.488,23-18,17-24,
1610612762,0,22010,2011-12-15,West,Utah,82,39,43,0.476,21-20,18-23,
1610612744,0,22010,2011-12-15,West,Golden State,82,36,46,0.439,26-15,10-31,
1610612746,0,22010,2011-12-15,West,L.A. Clippers,82,32,50,0.39,23-18,9-32,
1610612758,0,22010,2011-12-15,West,Sacramento,82,24,58,0.293,11-30,13-28,
1610612750,0,22010,2011-12-15,West,Minnesota,82,17,65,0.207,12-29,5-36,
1610612763,0,12010,2010-10-25,West,Memphis,8,8,0,1.0,4-0,4-0,
1610612762,0,12010,2010-10-25,West,Utah,8,8,0,1.0,3-0,5-0,
1610612750,0,12010,2010-10-25,West,Minnesota,8,6,2,0.75,5-1,1-1,
1610612743,0,12010,2010-10-25,West,Denver,8,5,3,0.625,3-0,2-3,
1610612760,0,12010,2010-10-25,West,Oklahoma City,7,4,3,0.5710000000000001,2-1,2-2,
1610612759,0,12010,2010-10-25,West,San Antonio,7,4,3,0.5710000000000001,3-1,1-2,
1610612742,0,12010,2010-10-25,West,Dallas,8,4,4,0.5,2-2,2-2,
1610612745,0,12010,2010-10-25,West,Houston,8,4,4,0.5,3-2,1-2,
1610612747,0,12010,2010-10-25,West,L.A. Lakers,8,4,4,0.5,4-2,0-2,
1610612757,0,12010,2010-10-25,West,Portland,7,3,4,0.429,3-1,0-3,
1610612758,0,12010,2010-10-25,West,Sacramento,7,3,4,0.429,2-1,1-3,
1610612744,0,12010,2010-10-25,West,Golden State,8,3,5,0.375,3-0,0-5,
1610612756,0,12010,2010-10-25,West,Phoenix,8,2,6,0.25,2-3,0-3,
1610612746,0,12010,2010-10-25,West,L.A. Clippers,8,1,7,0.125,0-4,1-3,
1610612740,0,12010,2010-10-25,West,New Orleans,8,1,7,0.125,1-2,0-5,
1610612747,0,22009,2010-10-02,West,L.A. Lakers,82,57,25,0.695,34-7,23-18,
1610612742,0,22009,2010-10-02,West,Dallas,82,55,27,0.6709999999999999,28-13,27-14,
1610612756,0,22009,2010-10-02,West,Phoenix,82,54,28,0.659,32-9,22-19,
1610612743,0,22009,2010-10-02,West,Denver,82,53,29,0.6459999999999999,34-7,19-22,
1610612762,0,22009,2010-10-02,West,Utah,82,53,29,0.6459999999999999,32-9,21-20,
1610612760,0,22009,2010-10-02,West,Oklahoma City,82,50,32,0.61,27-14,23-18,
1610612757,0,22009,2010-10-02,West,Portland,82,50,32,0.61,26-15,24-17,
1610612759,0,22009,2010-10-02,West,San Antonio,82,50,32,0.61,29-12,21-20,
1610612745,0,22009,2010-10-02,West,Houston,82,42,40,0.512,23-18,19-22,
1610612763,0,22009,2010-10-02,West,Memphis,82,40,42,0.488,23-18,17-24,
1610612740,0,22009,2010-10-02,West,New Orleans,82,37,45,0.451,24-17,13-28,
1610612746,0,22009,2010-10-02,West,L.A. Clippers,82,29,53,0.354,21-20,8-33,
1610612744,0,22009,2010-10-02,West,Golden State,82,26,56,0.317,18-23,8-33,
1610612758,0,22009,2010-10-02,West,Sacramento,82,25,57,0.305,18-23,7-34,
1610612750,0,22009,2010-10-02,West,Minnesota,82,15,67,0.183,10-31,5-36,
1610612746,0,12009,2009-10-26,West,L.A. Clippers,8,6,2,0.75,5-0,1-2,
1610612747,0,12009,2009-10-26,West,L.A. Lakers,8,6,2,0.75,6-2,0-0,
1610612762,0,12009,2009-10-26,West,Utah,8,6,2,0.75,2-0,4-2,
1610612742,0,12009,2009-10-26,West,Dallas,7,5,2,0.7140000000000001,3-1,2-1,
1610612759,0,12009,2009-10-26,West,San Antonio,7,4,3,0.5710000000000001,2-2,2-1,
1610612743,0,12009,2009-10-26,West,Denver,8,4,4,0.5,3-0,1-4,
1610612744,0,12009,2009-10-26,West,Golden State,8,4,4,0.5,2-0,2-4,
1610612745,0,12009,2009-10-26,West,Houston,8,4,4,0.5,2-2,2-2,
1610612756,0,12009,2009-10-26,West,Phoenix,8,4,4,0.5,3-3,1-1,
1610612757,0,12009,2009-10-26,West,Portland,8,4,4,0.5,2-2,2-2,
1610612763,0,12009,2009-10-26,West,Memphis,8,3,5,0.375,2-2,1-3,
1610612750,0,12009,2009-10-26,West,Minnesota,8,3,5,0.375,2-2,1-3,
1610612760,0,12009,2009-10-26,West,Oklahoma City,7,2,5,0.286,2-2,0-3,
1610612758,0,12009,2009-10-26,West,Sacramento,7,2,5,0.286,1-2,1-3,
1610612740,0,12009,2009-10-26,West,New Orleans,8,2,6,0.25,2-1,0-5,
1610612747,0,22008,2009-09-30,West,L.A. Lakers,82,65,17,0.7929999999999999,36-5,29-12,
1610612743,0,22008,2009-09-30,West,Denver,82,54,28,0.659,33-8,21-20,
1610612757,0,22008,2009-09-30,West,Portland,82,54,28,0.659,34-7,20-21,
1610612759,0,22008,2009-09-30,West,San Antonio,82,54,28,0.659,28-13,26-15,
1610612745,0,22008,2009-09-30,West,Houston,82,53,29,0.6459999999999999,33-8,20-21,
1610612742,0,22008,2009-09-30,West,Dallas,82,50,32,0.61,32-9,18-23,
1610612740,0,22008,2009-09-30,West,New Orleans,82,49,33,0.598,28-13,21-20,
1610612762,0,22008,2009-09-30,West,Utah,82,48,34,0.585,33-8,15-26,
1610612756,0,22008,2009-09-30,West,Phoenix,82,46,36,0.561,28-13,18-23,
1610612744,0,22008,2009-09-30,West,Golden State,82,29,53,0.354,21-20,8-33,
1610612763,0,22008,2009-09-30,West,Memphis,82,24,58,0.293,16-25,8-33,
1610612750,0,22008,2009-09-30,West,Minnesota,82,24,58,0.293,11-30,13-28,
1610612760,0,22008,2009-09-30,West,Oklahoma City,82,23,59,0.28,15-26,8-33,
1610612746,0,22008,2009-09-30,West,L.A. Clippers,82,19,63,0.2319999999999999,11-30,8-33,
1610612758,0,22008,2009-09-30,West,Sacramento,82,17,65,0.207,11-30,6-35,
1610612740,0,12008,2008-10-27,West,New Orleans,7,7,0,1.0,4-0,3-0,
1610612743,0,12008,2008-10-27,West,Denver,6,5,1,0.833,3-0,2-1,
1610612747,0,12008,2008-10-27,West,L.A. Lakers,8,6,2,0.75,6-2,0-0,
1610612750,0,12008,2008-10-27,West,Minnesota,8,6,2,0.75,3-1,3-1,
1610612745,0,12008,2008-10-27,West,Houston,7,5,2,0.7140000000000001,3-1,2-1,
1610612756,0,12008,2008-10-27,West,Phoenix,7,5,2,0.7140000000000001,2-1,3-1,
1610612744,0,12008,2008-10-27,West,Golden State,6,4,2,0.667,3-0,1-2,
1610612757,0,12008,2008-10-27,West,Portland,7,4,3,0.5710000000000001,2-2,2-1,
1610612762,0,12008,2008-10-27,West,Utah,7,4,3,0.5710000000000001,1-1,3-2,
1610612742,0,12008,2008-10-27,West,Dallas,8,4,4,0.5,2-2,2-2,
1610612746,0,12008,2008-10-27,West,L.A. Clippers,8,4,4,0.5,0-4,4-0,
1610612759,0,12008,2008-10-27,West,San Antonio,7,3,4,0.429,1-3,2-1,
1610612763,0,12008,2008-10-27,West,Memphis,8,2,6,0.25,2-2,0-4,
1610612760,0,12008,2008-10-27,West,Oklahoma City,7,1,6,0.143,0-1,1-5,
1610612758,0,12008,2008-10-27,West,Sacramento,8,1,7,0.125,1-3,0-4,
1610612747,0,22007,2008-10-04,West,L.A. Lakers,82,57,25,0.695,30-11,27-14,
1610612740,0,22007,2008-10-04,West,New Orleans,82,56,26,0.6829999999999999,30-11,26-15,
1610612759,0,22007,2008-10-04,West,San Antonio,82,56,26,0.6829999999999999,34-7,22-19,
1610612745,0,22007,2008-10-04,West,Houston,82,55,27,0.6709999999999999,31-10,24-17,
1610612756,0,22007,2008-10-04,West,Phoenix,82,55,27,0.6709999999999999,30-11,25-16,
1610612762,0,22007,2008-10-04,West,Utah,82,54,28,0.659,37-4,17-24,
1610612742,0,22007,2008-10-04,West,Dallas,82,51,31,0.622,34-7,17-24,
1610612743,0,22007,2008-10-04,West,Denver,82,50,32,0.61,33-8,17-24,
1610612744,0,22007,2008-10-04,West,Golden State,82,48,34,0.585,27-14,21-20,
1610612757,0,22007,2008-10-04,West,Portland,82,41,41,0.5,28-13,13-28,
1610612758,0,22007,2008-10-04,West,Sacramento,82,38,44,0.4629999999999999,26-15,12-29,
1610612746,0,22007,2008-10-04,West,L.A. Clippers,82,23,59,0.28,13-28,10-31,
1610612763,0,22007,2008-10-04,West,Memphis,82,22,60,0.268,14-27,8-33,
1610612750,0,22007,2008-10-04,West,Minnesota,82,22,60,0.268,15-26,7-34,
1610612760,0,22007,2008-10-04,West,Seattle,82,20,62,0.244,13-28,7-34,
1610612763,0,12007,2007-10-29,West,Memphis,7,5,2,0.7140000000000001,3-0,2-2,
1610612756,0,12007,2007-10-29,West,Phoenix,7,5,2,0.7140000000000001,2-1,3-1,
1610612744,0,12007,2007-10-29,West,Golden State,6,4,2,0.667,1-1,3-1,
1610612757,0,12007,2007-10-29,West,Portland,6,4,2,0.667,3-0,1-2,
1610612759,0,12007,2007-10-29,West,San Antonio,6,4,2,0.667,3-0,1-2,
1610612742,0,12007,2007-10-29,West,Dallas,8,5,3,0.625,4-0,1-3,
1610612743,0,12007,2007-10-29,West,Denver,7,4,3,0.5710000000000001,3-0,1-3,
1610612746,0,12007,2007-10-29,West,L.A. Clippers,7,4,3,0.5710000000000001,2-1,2-2,
1610612762,0,12007,2007-10-29,West,Utah,7,4,3,0.5710000000000001,1-2,3-1,
1610612745,0,12007,2007-10-29,West,Houston,6,3,3,0.5,2-1,1-2,
1610612740,0,12007,2007-10-29,West,New Orleans,7,3,4,0.429,1-2,2-2,
1610612758,0,12007,2007-10-29,West,Sacramento,7,3,4,0.429,2-2,1-2,
1610612747,0,12007,2007-10-29,West,L.A. Lakers,6,2,4,0.3329999999999999,2-4,0-0,
1610612750,0,12007,2007-10-29,West,Minnesota,7,2,5,0.286,0-2,2-3,
1610612760,0,12007,2007-10-29,West,Seattle,7,1,6,0.143,0-2,1-4,
1610612742,0,22006,2007-10-05,West,Dallas,82,67,15,0.8170000000000001,36-5,31-10,
1610612756,0,22006,2007-10-05,West,Phoenix,82,61,21,0.7440000000000001,33-8,28-13,
1610612759,0,22006,2007-10-05,West,San Antonio,82,58,24,0.7070000000000001,31-10,27-14,
1610612745,0,22006,2007-10-05,West,Houston,82,52,30,0.634,28-13,24-17,
1610612762,0,22006,2007-10-05,West,Utah,82,51,31,0.622,31-10,20-21,
1610612743,0,22006,2007-10-05,West,Denver,82,45,37,0.5489999999999999,23-18,22-19,
1610612744,0,22006,2007-10-05,West,Golden State,82,42,40,0.512,30-11,12-29,
1610612747,0,22006,2007-10-05,West,L.A. Lakers,82,42,40,0.512,25-16,17-24,
1610612746,0,22006,2007-10-05,West,L.A. Clippers,82,40,42,0.488,25-16,15-26,
1610612740,0,22006,2007-10-05,West,New Orleans/Oklahoma City,82,39,43,0.476,24-17,15-26,
1610612758,0,22006,2007-10-05,West,Sacramento,82,33,49,0.402,20-21,13-28,
1610612750,0,22006,2007-10-05,West,Minnesota,82,32,50,0.39,20-21,12-29,
1610612757,0,22006,2007-10-05,West,Portland,82,32,50,0.39,18-23,14-27,
1610612760,0,22006,2007-10-05,West,Seattle,82,31,51,0.3779999999999999,20-21,11-30,
1610612763,0,22006,2007-10-05,West,Memphis,82,22,60,0.268,14-27,8-33,
1610612744,0,12006,2006-10-30,West,Golden State,7,6,1,0.857,3-0,3-1,
1610612745,0,12006,2006-10-30,West,Houston,7,5,2,0.7140000000000001,3-1,2-1,
1610612743,0,12006,2006-10-30,West,Denver,8,5,3,0.625,2-2,3-1,
1610612746,0,12006,2006-10-30,West,L.A. Clippers,8,5,3,0.625,2-2,3-1,
1610612750,0,12006,2006-10-30,West,Minnesota,8,5,3,0.625,2-2,3-1,
1610612758,0,12006,2006-10-30,West,Sacramento,8,5,3,0.625,3-1,2-2,
1610612759,0,12006,2006-10-30,West,San Antonio,7,4,3,0.5710000000000001,2-2,2-1,
1610612747,0,12006,2006-10-30,West,L.A. Lakers,8,4,4,0.5,4-3,0-1,
1610612763,0,12006,2006-10-30,West,Memphis,8,4,4,0.5,2-2,2-2,
1610612756,0,12006,2006-10-30,West,Phoenix,8,4,4,0.5,2-2,2-2,
1610612760,0,12006,2006-10-30,West,Seattle,8,4,4,0.5,2-1,2-3,
1610612762,0,12006,2006-10-30,West,Utah,8,4,4,0.5,2-0,2-4,
1610612742,0,12006,2006-10-30,West,Dallas,8,3,5,0.375,2-2,1-3,
1610612740,0,12006,2006-10-30,West,New Orleans,7,2,5,0.286,1-1,1-4,
1610612757,0,12006,2006-10-30,West,Portland,8,2,6,0.25,1-2,1-4,
1610612759,0,22005,2006-10-04,West,San Antonio,82,63,19,0.768,34-7,29-12,
1610612742,0,22005,2006-10-04,West,Dallas,82,60,22,0.732,34-7,26-15,
1610612756,0,22005,2006-10-04,West,Phoenix,82,54,28,0.659,31-10,23-18,
1610612763,0,22005,2006-10-04,West,Memphis,82,49,33,0.598,30-11,19-22,
1610612746,0,22005,2006-10-04,West,L.A. Clippers,82,47,35,0.573,27-14,20-21,
1610612747,0,22005,2006-10-04,West,L.A. Lakers,82,45,37,0.5489999999999999,27-14,18-23,
1610612743,0,22005,2006-10-04,West,Denver,82,44,38,0.537,26-15,18-23,
1610612758,0,22005,2006-10-04,West,Sacramento,82,44,38,0.537,27-14,17-24,
1610612762,0,22005,2006-10-04,West,Utah,82,41,41,0.5,22-19,19-22,
1610612740,0,22005,2006-10-04,West,New Orleans/Oklahoma City,82,38,44,0.4629999999999999,24-17,14-27,
1610612760,0,22005,2006-10-04,West,Seattle,82,35,47,0.4270000000000001,22-19,13-28,
1610612744,0,22005,2006-10-04,West,Golden State,82,34,48,0.415,21-20,13-28,
1610612745,0,22005,2006-10-04,West,Houston,82,34,48,0.415,15-26,19-22,
1610612750,0,22005,2006-10-04,West,Minnesota,82,33,49,0.402,24-17,9-32,
1610612757,0,22005,2006-10-04,West,Portland,82,21,61,0.256,15-26,6-35,
1610612743,0,12005,2005-10-31,West,Denver,8,7,1,0.875,3-1,4-0,
1610612745,0,12005,2005-10-31,West,Houston,7,6,1,0.857,4-0,2-1,
1610612742,0,12005,2005-10-31,West,Dallas,8,6,2,0.75,3-1,3-1,
1610612747,0,12005,2005-10-31,West,L.A. Lakers,8,6,2,0.75,6-2,0-0,
1610612763,0,12005,2005-10-31,West,Memphis,8,6,2,0.75,3-1,3-1,
1610612756,0,12005,2005-10-31,West,Phoenix,8,6,2,0.75,3-1,3-1,
1610612746,0,12005,2005-10-31,West,L.A. Clippers,7,5,2,0.7140000000000001,1-1,4-1,
1610612750,0,12005,2005-10-31,West,Minnesota,8,4,4,0.5,2-2,2-2,
1610612760,0,12005,2005-10-31,West,Seattle,7,3,4,0.429,2-1,1-3,
1610612758,0,12005,2005-10-31,West,Sacramento,8,3,5,0.375,1-3,2-2,
1610612744,0,12005,2005-10-31,West,Golden State,7,2,5,0.286,1-2,1-3,
1610612740,0,12005,2005-10-31,West,New Orleans,7,2,5,0.286,1-3,1-2,
1610612762,0,12005,2005-10-31,West,Utah,7,2,5,0.286,0-2,2-3,
1610612757,0,12005,2005-10-31,West,Portland,8,2,6,0.25,1-4,1-2,
1610612759,0,12005,2005-10-31,West,San Antonio,8,1,7,0.125,0-4,1-3,
1610612756,0,22004,2005-10-09,West,Phoenix,82,62,20,0.7559999999999999,31-10,31-10,
1610612759,0,22004,2005-10-09,West,San Antonio,82,59,23,0.72,38-3,21-20,
1610612742,0,22004,2005-10-09,West,Dallas,82,58,24,0.7070000000000001,29-12,29-12,
1610612760,0,22004,2005-10-09,West,Seattle,82,52,30,0.634,26-15,26-15,
1610612745,0,22004,2005-10-09,West,Houston,82,51,31,0.622,26-15,25-16,
1610612758,0,22004,2005-10-09,West,Sacramento,82,50,32,0.61,30-11,20-21,
1610612743,0,22004,2005-10-09,West,Denver,82,49,33,0.598,31-10,18-23,
1610612763,0,22004,2005-10-09,West,Memphis,82,45,37,0.5489999999999999,26-15,19-22,
1610612750,0,22004,2005-10-09,West,Minnesota,82,44,38,0.537,24-17,20-21,
1610612746,0,22004,2005-10-09,West,L.A. Clippers,82,37,45,0.451,27-14,10-31,
1610612744,0,22004,2005-10-09,West,Golden State,82,34,48,0.415,20-21,14-27,
1610612747,0,22004,2005-10-09,West,L.A. Lakers,82,34,48,0.415,22-19,12-29,
1610612757,0,22004,2005-10-09,West,Portland,82,27,55,0.3289999999999999,18-23,9-32,
1610612762,0,22004,2005-10-09,West,Utah,82,26,56,0.317,18-23,8-33,
1610612740,0,22004,2005-10-09,West,New Orleans,82,18,64,0.22,11-30,7-34,
1610612742,0,12004,2004-11-01,West,Dallas,0,0,0,0.0,0-0,0-0,
1610612743,0,12004,2004-11-01,West,Denver,0,0,0,0.0,0-0,0-0,
1610612744,0,12004,2004-11-01,West,Golden State,0,0,0,0.0,0-0,0-0,
1610612745,0,12004,2004-11-01,West,Houston,0,0,0,0.0,0-0,0-0,
1610612746,0,12004,2004-11-01,West,L.A. Clippers,0,0,0,0.0,0-0,0-0,
1610612747,0,12004,2004-11-01,West,L.A. Lakers,0,0,0,0.0,0-0,0-0,
1610612763,0,12004,2004-11-01,West,Memphis,0,0,0,0.0,0-0,0-0,
1610612750,0,12004,2004-11-01,West,Minnesota,0,0,0,0.0,0-0,0-0,
1610612740,0,12004,2004-11-01,West,New Orleans,0,0,0,0.0,0-0,0-0,
1610612756,0,12004,2004-11-01,West,Phoenix,0,0,0,0.0,0-0,0-0,
1610612757,0,12004,2004-11-01,West,Portland,0,0,0,0.0,0-0,0-0,
1610612758,0,12004,2004-11-01,West,Sacramento,0,0,0,0.0,0-0,0-0,
1610612759,0,12004,2004-11-01,West,San Antonio,0,0,0,0.0,0-0,0-0,
1610612760,0,12004,2004-11-01,West,Seattle,0,0,0,0.0,0-0,0-0,
1610612762,0,12004,2004-11-01,West,Utah,0,0,0,0.0,0-0,0-0,
1610612750,0,22003,2004-10-11,West,Minnesota,82,58,24,0.7070000000000001,31-10,27-14,
1610612759,0,22003,2004-10-11,West,San Antonio,82,57,25,0.695,33-8,24-17,
1610612747,0,22003,2004-10-11,West,L.A. Lakers,82,56,26,0.6829999999999999,34-7,22-19,
1610612758,0,22003,2004-10-11,West,Sacramento,82,55,27,0.6709999999999999,34-7,21-20,
1610612742,0,22003,2004-10-11,West,Dallas,82,52,30,0.634,36-5,16-25,
1610612763,0,22003,2004-10-11,West,Memphis,82,50,32,0.61,31-10,19-22,
1610612745,0,22003,2004-10-11,West,Houston,82,45,37,0.5489999999999999,27-14,18-23,
1610612743,0,22003,2004-10-11,West,Denver,82,43,39,0.524,29-12,14-27,
1610612762,0,22003,2004-10-11,West,Utah,82,42,40,0.512,28-13,14-27,
1610612757,0,22003,2004-10-11,West,Portland,82,41,41,0.5,25-16,16-25,
1610612744,0,22003,2004-10-11,West,Golden State,82,37,45,0.451,27-14,10-31,
1610612760,0,22003,2004-10-11,West,Seattle,82,37,45,0.451,21-20,16-25,
1610612756,0,22003,2004-10-11,West,Phoenix,82,29,53,0.354,18-23,11-30,
1610612746,0,22003,2004-10-11,West,L.A. Clippers,82,28,54,0.341,18-23,10-31,
1610612742,0,12003,2003-10-27,West,Dallas,0,0,0,0.0,0-0,0-0,
1610612743,0,12003,2003-10-27,West,Denver,0,0,0,0.0,0-0,0-0,
1610612744,0,12003,2003-10-27,West,Golden State,0,0,0,0.0,0-0,0-0,
1610612745,0,12003,2003-10-27,West,Houston,0,0,0,0.0,0-0,0-0,
1610612746,0,12003,2003-10-27,West,L.A. Clippers,0,0,0,0.0,0-0,0-0,
1610612747,0,12003,2003-10-27,West,L.A. Lakers,0,0,0,0.0,0-0,0-0,
1610612763,0,12003,2003-10-27,West,Memphis,0,0,0,0.0,0-0,0-0,
1610612750,0,12003,2003-10-27,West,Minnesota,0,0,0,0.0,0-0,0-0,
1610612756,0,12003,2003-10-27,West,Phoenix,0,0,0,0.0,0-0,0-0,
1610612757,0,12003,2003-10-27,West,Portland,0,0,0,0.0,0-0,0-0,
1610612758,0,12003,2003-10-27,West,Sacramento,0,0,0,0.0,0-0,0-0,
1610612759,0,12003,2003-10-27,West,San Antonio,0,0,0,0.0,0-0,0-0,
1610612760,0,12003,2003-10-27,West,Seattle,0,0,0,0.0,0-0,0-0,
1610612762,0,12003,2003-10-27,West,Utah,0,0,0,0.0,0-0,0-0,
1610612742,0,22002,2003-10-04,West,Dallas,82,60,22,0.732,33-8,27-14,
1610612759,0,22002,2003-10-04,West,San Antonio,82,60,22,0.732,33-8,27-14,
1610612758,0,22002,2003-10-04,West,Sacramento,82,59,23,0.72,35-6,24-17,
1610612750,0,22002,2003-10-04,West,Minnesota,82,51,31,0.622,33-8,18-23,
1610612747,0,22002,2003-10-04,West,L.A. Lakers,82,50,32,0.61,31-10,19-22,
1610612757,0,22002,2003-10-04,West,Portland,82,50,32,0.61,27-14,23-18,
1610612762,0,22002,2003-10-04,West,Utah,82,47,35,0.573,29-12,18-23,
1610612756,0,22002,2003-10-04,West,Phoenix,82,44,38,0.537,30-11,14-27,
1610612745,0,22002,2003-10-04,West,Houston,82,43,39,0.524,28-13,15-26,
1610612760,0,22002,2003-10-04,West,Seattle,82,40,42,0.488,25-16,15-26,
1610612744,0,22002,2003-10-04,West,Golden State,82,38,44,0.4629999999999999,24-17,14-27,
1610612763,0,22002,2003-10-04,West,Memphis,82,28,54,0.341,20-21,8-33,
1610612746,0,22002,2003-10-04,West,L.A. Clippers,82,27,55,0.3289999999999999,16-25,11-30,
1610612743,0,22002,2003-10-04,West,Denver,82,17,65,0.207,13-28,4-37,
1610612744,0,22018,2019-09-29,West,Golden State,82,57,25,0.695,30-11,27-14,
1610612743,0,22018,2019-09-29,West,Denver,82,54,28,0.659,34-7,20-21,
1610612745,0,22018,2019-09-29,West,Houston,82,53,29,0.6459999999999999,31-10,22-19,
1610612757,0,22018,2019-09-29,West,Portland,82,53,29,0.6459999999999999,32-9,21-20,
1610612762,0,22018,2019-09-29,West,Utah,82,50,32,0.61,29-12,21-20,
1610612760,0,22018,2019-09-29,West,Oklahoma City,82,49,33,0.598,27-14,22-19,
1610612746,0,22018,2019-09-29,West,LA Clippers,82,48,34,0.585,26-15,22-19,
1610612759,0,22018,2019-09-29,West,San Antonio,82,48,34,0.585,32-9,16-25,
1610612758,0,22018,2019-09-29,West,Sacramento,82,39,43,0.476,24-17,15-26,
1610612747,0,22018,2019-09-29,West,L.A. Lakers,82,37,45,0.451,22-19,15-26,
1610612750,0,22018,2019-09-29,West,Minnesota,82,36,46,0.439,25-16,11-30,
1610612742,0,22018,2019-09-29,West,Dallas,82,33,49,0.402,24-17,9-32,
1610612763,0,22018,2019-09-29,West,Memphis,82,33,49,0.402,21-20,12-29,
1610612740,0,22018,2019-09-29,West,New Orleans,82,33,49,0.402,19-22,14-27,
1610612756,0,22018,2019-09-29,West,Phoenix,82,19,63,0.2319999999999999,12-29,7-34,
1610612746,0,12018,2018-10-15,West,LA Clippers,5,5,0,1.0,4-0,1-0,
1610612762,0,12018,2018-10-15,West,Utah,5,5,0,1.0,3-0,2-0,
1610612743,0,12018,2018-10-15,West,Denver,5,4,1,0.8,1-0,3-1,
1610612745,0,12018,2018-10-15,West,Houston,5,4,1,0.8,2-1,2-0,
1610612760,0,12018,2018-10-15,West,Oklahoma City,4,3,1,0.75,2-1,1-0,
1610612757,0,12018,2018-10-15,West,Portland,5,3,2,0.6,2-1,1-1,
1610612759,0,12018,2018-10-15,West,San Antonio,5,3,2,0.6,2-1,1-1,
1610612747,0,12018,2018-10-15,West,L.A. Lakers,6,3,3,0.5,2-3,1-0,
1610612742,0,12018,2018-10-15,West,Dallas,4,2,2,0.5,1-2,1-0,
1610612763,0,12018,2018-10-15,West,Memphis,5,2,3,0.4,2-1,0-2,
1610612756,0,12018,2018-10-15,West,Phoenix,5,2,3,0.4,1-2,1-1,
1610612758,0,12018,2018-10-15,West,Sacramento,6,2,4,0.3329999999999999,1-1,1-3,
1610612744,0,12018,2018-10-15,West,Golden State,5,1,4,0.2,1-3,0-1,
1610612750,0,12018,2018-10-15,West,Minnesota,5,1,4,0.2,0-2,1-2,
1610612740,0,12018,2018-10-15,West,New Orleans,5,0,5,0.0,0-1,0-4,
1610612745,0,22017,2018-09-27,West,Houston,82,65,17,0.7929999999999999,34-7,31-10,
1610612744,0,22017,2018-09-27,West,Golden State,82,58,24,0.7070000000000001,29-12,29-12,
1610612757,0,22017,2018-09-27,West,Portland,82,49,33,0.598,28-13,21-20,
1610612740,0,22017,2018-09-27,West,New Orleans,82,48,34,0.585,24-17,24-17,
1610612760,0,22017,2018-09-27,West,Oklahoma City,82,48,34,0.585,27-14,21-20,
1610612762,0,22017,2018-09-27,West,Utah,82,48,34,0.585,28-13,20-21,
1610612750,0,22017,2018-09-27,West,Minnesota,82,47,35,0.573,30-11,17-24,
1610612759,0,22017,2018-09-27,West,San Antonio,82,47,35,0.573,33-8,14-27,
1610612743,0,22017,2018-09-27,West,Denver,82,46,36,0.561,31-10,15-26,
1610612746,0,22017,2018-09-27,West,LA Clippers,82,42,40,0.512,22-19,20-21,
1610612747,0,22017,2018-09-27,West,L.A. Lakers,82,35,47,0.4270000000000001,20-21,15-26,
1610612758,0,22017,2018-09-27,West,Sacramento,82,27,55,0.3289999999999999,14-27,13-28,
1610612742,0,22017,2018-09-27,West,Dallas,82,24,58,0.293,15-26,9-32,
1610612763,0,22017,2018-09-27,West,Memphis,82,22,60,0.268,16-25,6-35,
1610612756,0,22017,2018-09-27,West,Phoenix,82,21,61,0.256,10-31,11-30,
1610612762,0,12017,2017-10-16,West,Utah,5,5,0,1.0,3-0,2-0,
1610612757,0,12017,2017-10-16,West,Portland,6,5,1,0.833,2-1,3-0,
1610612745,0,12017,2017-10-16,West,Houston,5,4,1,0.8,1-1,3-0,
1610612760,0,12017,2017-10-16,West,Oklahoma City,4,3,1,0.75,2-1,1-0,
1610612742,0,12017,2017-10-16,West,Dallas,6,4,2,0.667,3-0,1-2,
1610612750,0,12017,2017-10-16,West,Minnesota,3,2,1,0.667,0-1,2-0,
1610612743,0,12017,2017-10-16,West,Denver,5,3,2,0.6,0-1,3-1,
1610612763,0,12017,2017-10-16,West,Memphis,5,3,2,0.6,2-1,1-1,
1610612759,0,12017,2017-10-16,West,San Antonio,5,3,2,0.6,2-1,1-1,
1610612744,0,12017,2017-10-16,West,Golden State,4,2,2,0.5,1-2,1-0,
1610612746,0,12017,2017-10-16,West,LA Clippers,5,2,3,0.4,2-2,0-1,
1610612756,0,12017,2017-10-16,West,Phoenix,5,2,3,0.4,1-2,1-1,
1610612747,0,12017,2017-10-16,West,L.A. Lakers,6,2,4,0.3329999999999999,1-4,1-0,
1610612740,0,12017,2017-10-16,West,New Orleans,4,1,3,0.25,0-1,1-2,
1610612758,0,12017,2017-10-16,West,Sacramento,6,1,5,0.1669999999999999,1-1,0-4,
1610612744,0,22016,2017-09-29,West,Golden State,82,67,15,0.8170000000000001,36-5,31-10,
1610612759,0,22016,2017-09-29,West,San Antonio,82,61,21,0.7440000000000001,31-10,30-11,
1610612745,0,22016,2017-09-29,West,Houston,82,55,27,0.6709999999999999,30-11,25-16,
1610612746,0,22016,2017-09-29,West,LA Clippers,82,51,31,0.622,29-12,22-19,
1610612762,0,22016,2017-09-29,West,Utah,82,51,31,0.622,29-12,22-19,
1610612760,0,22016,2017-09-29,West,Oklahoma City,82,47,35,0.573,28-13,19-22,
1610612763,0,22016,2017-09-29,West,Memphis,82,43,39,0.524,24-17,19-22,
1610612757,0,22016,2017-09-29,West,Portland,82,41,41,0.5,25-16,16-25,
1610612743,0,22016,2017-09-29,West,Denver,82,40,42,0.488,22-19,18-23,
1610612740,0,22016,2017-09-29,West,New Orleans,82,34,48,0.415,21-20,13-28,
1610612742,0,22016,2017-09-29,West,Dallas,82,33,49,0.402,21-20,12-29,
1610612758,0,22016,2017-09-29,West,Sacramento,82,32,50,0.39,17-24,15-26,
1610612750,0,22016,2017-09-29,West,Minnesota,82,31,51,0.3779999999999999,20-21,11-30,
1610612747,0,22016,2017-09-29,West,L.A. Lakers,82,26,56,0.317,17-24,9-32,
1610612756,0,22016,2017-09-29,West,Phoenix,82,24,58,0.293,15-26,9-32,
1610612744,0,12016,2016-10-24,West,Golden State,7,6,1,0.857,3-0,3-1,
1610612745,0,12016,2016-10-24,West,Houston,7,5,2,0.7140000000000001,3-1,2-1,
1610612750,0,12016,2016-10-24,West,Minnesota,7,5,2,0.7140000000000001,3-0,2-2,
1610612763,0,12016,2016-10-24,West,Memphis,6,4,2,0.667,2-1,2-1,
1610612756,0,12016,2016-10-24,West,Phoenix,6,4,2,0.667,2-1,2-1,
1610612759,0,12016,2016-10-24,West,San Antonio,6,4,2,0.667,2-1,2-1,
1610612757,0,12016,2016-10-24,West,Portland,7,4,3,0.5710000000000001,2-1,2-2,
1610612743,0,12016,2016-10-24,West,Denver,8,4,4,0.5,1-1,3-3,
1610612746,0,12016,2016-10-24,West,LA Clippers,6,3,3,0.5,2-1,1-2,
1610612760,0,12016,2016-10-24,West,Oklahoma City,6,3,3,0.5,2-1,1-2,
1610612758,0,12016,2016-10-24,West,Sacramento,6,3,3,0.5,2-1,1-2,
1610612762,0,12016,2016-10-24,West,Utah,6,3,3,0.5,1-2,2-1,
1610612742,0,12016,2016-10-24,West,Dallas,7,2,5,0.286,2-1,0-4,
1610612747,0,12016,2016-10-24,West,L.A. Lakers,8,2,6,0.25,2-6,0-0,
1610612740,0,12016,2016-10-24,West,New Orleans,6,1,5,0.1669999999999999,1-2,0-3,
1610612744,0,22015,2016-09-30,West,Golden State,82,73,9,0.89,39-2,34-7,
1610612759,0,22015,2016-09-30,West,San Antonio,82,67,15,0.8170000000000001,40-1,27-14,
1610612760,0,22015,2016-09-30,West,Oklahoma City,82,55,27,0.6709999999999999,32-9,23-18,
1610612746,0,22015,2016-09-30,West,LA Clippers,82,53,29,0.6459999999999999,29-12,24-17,
1610612757,0,22015,2016-09-30,West,Portland,82,44,38,0.537,28-13,16-25,
1610612742,0,22015,2016-09-30,West,Dallas,82,42,40,0.512,23-18,19-22,
1610612763,0,22015,2016-09-30,West,Memphis,82,42,40,0.512,26-15,16-25,
1610612745,0,22015,2016-09-30,West,Houston,82,41,41,0.5,23-18,18-23,
1610612762,0,22015,2016-09-30,West,Utah,82,40,42,0.488,24-17,16-25,
1610612743,0,22015,2016-09-30,West,Denver,82,33,49,0.402,18-23,15-26,
1610612758,0,22015,2016-09-30,West,Sacramento,82,33,49,0.402,18-23,15-26,
1610612740,0,22015,2016-09-30,West,New Orleans,82,30,52,0.366,21-20,9-32,
1610612750,0,22015,2016-09-30,West,Minnesota,82,29,53,0.354,14-27,15-26,
1610612756,0,22015,2016-09-30,West,Phoenix,82,23,59,0.28,14-27,9-32,
1610612747,0,22015,2016-09-30,West,L.A. Lakers,82,17,65,0.207,12-29,5-36,
1610612763,0,12015,2015-10-26,West,Memphis,7,6,1,0.857,4-0,2-1,
1610612760,0,12015,2015-10-26,West,Oklahoma City,6,5,1,0.833,3-0,2-1,
1610612758,0,12015,2015-10-26,West,Sacramento,6,5,1,0.833,2-0,3-1,
1610612756,0,12015,2015-10-26,West,Phoenix,6,4,2,0.667,2-1,2-1,
1610612743,0,12015,2015-10-26,West,Denver,7,4,3,0.5710000000000001,2-0,2-3,
1610612746,0,12015,2015-10-26,West,LA Clippers,6,3,3,0.5,3-1,0-2,
1610612744,0,12015,2015-10-26,West,Golden State,7,3,4,0.429,2-1,1-3,
1610612740,0,12015,2015-10-26,West,New Orleans,7,3,4,0.429,1-2,2-2,
1610612757,0,12015,2015-10-26,West,Portland,7,3,4,0.429,2-1,1-3,
1610612762,0,12015,2015-10-26,West,Utah,7,3,4,0.429,1-2,2-2,
1610612745,0,12015,2015-10-26,West,Houston,8,3,5,0.375,2-2,1-3,
1610612747,0,12015,2015-10-26,West,L.A. Lakers,8,3,5,0.375,3-5,0-0,
1610612759,0,12015,2015-10-26,West,San Antonio,6,2,4,0.3329999999999999,2-1,0-3,
1610612750,0,12015,2015-10-26,West,Minnesota,7,2,5,0.286,2-2,0-3,
1610612742,0,12015,2015-10-26,West,Dallas,7,0,7,0.0,0-3,0-4,
1610612744,0,22014,2015-10-01,West,Golden State,82,67,15,0.8170000000000001,39-2,28-13,
1610612745,0,22014,2015-10-01,West,Houston,82,56,26,0.6829999999999999,30-11,26-15,
1610612746,0,22014,2015-10-01,West,L.A. Clippers,82,56,26,0.6829999999999999,30-11,26-15,
1610612763,0,22014,2015-10-01,West,Memphis,82,55,27,0.6709999999999999,31-10,24-17,
1610612759,0,22014,2015-10-01,West,San Antonio,82,55,27,0.6709999999999999,33-8,22-19,
1610612757,0,22014,2015-10-01,West,Portland,82,51,31,0.622,32-9,19-22,
1610612742,0,22014,2015-10-01,West,Dallas,82,50,32,0.61,27-14,23-18,
1610612740,0,22014,2015-10-01,West,New Orleans,82,45,37,0.5489999999999999,28-13,17-24,
1610612760,0,22014,2015-10-01,West,Oklahoma City,82,45,37,0.5489999999999999,29-12,16-25,
1610612756,0,22014,2015-10-01,West,Phoenix,82,39,43,0.476,22-19,17-24,
1610612762,0,22014,2015-10-01,West,Utah,82,38,44,0.4629999999999999,21-20,17-24,
1610612743,0,22014,2015-10-01,West,Denver,82,30,52,0.366,19-22,11-30,
1610612758,0,22014,2015-10-01,West,Sacramento,82,29,53,0.354,18-23,11-30,
1610612747,0,22014,2015-10-01,West,L.A. Lakers,82,21,61,0.256,12-29,9-32,
1610612750,0,22014,2015-10-01,West,Minnesota,82,16,66,0.195,9-32,7-34,
1610612744,0,12014,2014-10-27,West,Golden State,8,6,2,0.75,3-0,3-2,
1610612745,0,12014,2014-10-27,West,Houston,8,6,2,0.75,4-0,2-2,
1610612750,0,12014,2014-10-27,West,Minnesota,7,5,2,0.7140000000000001,2-1,3-1,
1610612740,0,12014,2014-10-27,West,New Orleans,7,5,2,0.7140000000000001,3-1,2-1,
1610612756,0,12014,2014-10-27,West,Phoenix,7,5,2,0.7140000000000001,3-0,2-2,
1610612762,0,12014,2014-10-27,West,Utah,8,5,3,0.625,2-1,3-2,
1610612757,0,12014,2014-10-27,West,Portland,7,4,3,0.5710000000000001,2-1,2-2,
1610612742,0,12014,2014-10-27,West,Dallas,8,4,4,0.5,2-2,2-2,
1610612758,0,12014,2014-10-27,West,Sacramento,7,3,4,0.429,2-1,1-3,
1610612747,0,12014,2014-10-27,West,L.A. Lakers,8,3,5,0.375,3-5,0-0,
1610612763,0,12014,2014-10-27,West,Memphis,8,3,5,0.375,3-1,0-4,
1610612760,0,12014,2014-10-27,West,Oklahoma City,7,2,5,0.286,1-3,1-2,
1610612759,0,12014,2014-10-27,West,San Antonio,7,2,5,0.286,1-2,1-3,
1610612743,0,12014,2014-10-27,West,Denver,8,2,6,0.25,1-1,1-5,
1610612746,0,12014,2014-10-27,West,L.A. Clippers,8,2,6,0.25,2-3,0-3,
1610612754,0,22013,2014-08-31,East,Indiana,82,56,26,0.6829999999999999,35-6,21-20,
1610612748,0,22013,2014-08-31,East,Miami,82,54,28,0.659,32-9,22-19,
1610612741,0,22013,2014-08-31,East,Chicago,82,48,34,0.585,27-14,21-20,
1610612761,0,22013,2014-08-31,East,Toronto,82,48,34,0.585,26-15,22-19,
1610612751,0,22013,2014-08-31,East,Brooklyn,82,44,38,0.537,28-13,16-25,
1610612764,0,22013,2014-08-31,East,Washington,82,44,38,0.537,22-19,22-19,
1610612766,0,22013,2014-08-31,East,Charlotte,82,43,39,0.524,25-16,18-23,
1610612737,0,22013,2014-08-31,East,Atlanta,82,38,44,0.4629999999999999,24-17,14-27,
1610612752,0,22013,2014-08-31,East,New York,82,37,45,0.451,19-22,18-23,
1610612739,0,22013,2014-08-31,East,Cleveland,82,33,49,0.402,19-22,14-27,
1610612765,0,22013,2014-08-31,East,Detroit,82,29,53,0.354,17-24,12-29,
1610612738,0,22013,2014-08-31,East,Boston,82,25,57,0.305,16-25,9-32,
1610612753,0,22013,2014-08-31,East,Orlando,82,23,59,0.28,19-22,4-37,
1610612755,0,22013,2014-08-31,East,Philadelphia,82,19,63,0.2319999999999999,10-31,9-32,
1610612749,0,22013,2014-08-31,East,Milwaukee,82,15,67,0.183,10-31,5-36,
1610612741,0,12013,2013-10-28,East,Chicago,8,8,0,1.0,5-0,3-0,
1610612761,0,12013,2013-10-28,East,Toronto,7,6,1,0.857,4-1,2-0,
1610612751,0,12013,2013-10-28,East,Brooklyn,7,5,2,0.7140000000000001,2-1,3-1,
1610612766,0,12013,2013-10-28,East,Charlotte,8,5,3,0.625,2-2,3-1,
1610612748,0,12013,2013-10-28,East,Miami,8,5,3,0.625,3-1,2-2,
1610612739,0,12013,2013-10-28,East,Cleveland,8,4,4,0.5,3-3,1-1,
1610612765,0,12013,2013-10-28,East,Detroit,8,4,4,0.5,3-1,1-3,
1610612754,0,12013,2013-10-28,East,Indiana,8,3,5,0.375,0-3,3-2,
1610612752,0,12013,2013-10-28,East,New York,7,2,5,0.286,0-1,2-4,
1610612755,0,12013,2013-10-28,East,Philadelphia,7,2,5,0.286,1-3,1-2,
1610612764,0,12013,2013-10-28,East,Washington,7,2,5,0.286,1-3,1-2,
1610612738,0,12013,2013-10-28,East,Boston,8,2,6,0.25,2-2,0-4,
1610612753,0,12013,2013-10-28,East,Orlando,8,2,6,0.25,1-4,1-2,
1610612749,0,12013,2013-10-28,East,Milwaukee,6,1,5,0.1669999999999999,1-1,0-4,
1610612737,0,12013,2013-10-28,East,Atlanta,7,1,6,0.143,0-3,1-3,
1610612748,0,22012,2013-10-04,East,Miami,82,66,16,0.805,37-4,29-12,
1610612752,0,22012,2013-10-04,East,New York,82,54,28,0.659,31-10,23-18,
1610612754,0,22012,2013-10-04,East,Indiana,81,49,32,0.605,30-11,19-21,
1610612751,0,22012,2013-10-04,East,Brooklyn,82,49,33,0.598,26-15,23-18,
1610612741,0,22012,2013-10-04,East,Chicago,82,45,37,0.5489999999999999,24-17,21-20,
1610612737,0,22012,2013-10-04,East,Atlanta,82,44,38,0.537,25-16,19-22,
1610612738,0,22012,2013-10-04,East,Boston,81,41,40,0.506,27-13,14-27,
1610612749,0,22012,2013-10-04,East,Milwaukee,82,38,44,0.4629999999999999,21-20,17-24,
1610612755,0,22012,2013-10-04,East,Philadelphia,82,34,48,0.415,23-18,11-30,
1610612761,0,22012,2013-10-04,East,Toronto,82,34,48,0.415,21-20,13-28,
1610612765,0,22012,2013-10-04,East,Detroit,82,29,53,0.354,18-23,11-30,
1610612764,0,22012,2013-10-04,East,Washington,82,29,53,0.354,22-19,7-34,
1610612739,0,22012,2013-10-04,East,Cleveland,82,24,58,0.293,14-27,10-31,
1610612766,0,22012,2013-10-04,East,Charlotte,82,21,61,0.256,15-26,6-35,
1610612753,0,22012,2013-10-04,East,Orlando,82,20,62,0.244,12-29,8-33,
1610612755,0,12012,2012-10-29,East,Philadelphia,7,6,1,0.857,3-1,3-0,
1610612761,0,12012,2012-10-29,East,Toronto,7,6,1,0.857,5-0,1-1,
1610612741,0,12012,2012-10-29,East,Chicago,7,5,2,0.7140000000000001,5-1,0-1,
1610612754,0,12012,2012-10-29,East,Indiana,7,4,3,0.5710000000000001,3-0,1-3,
1610612765,0,12012,2012-10-29,East,Detroit,8,4,4,0.5,4-0,0-4,
1610612748,0,12012,2012-10-29,East,Miami,8,4,4,0.5,2-3,2-1,
1610612751,0,12012,2012-10-29,East,Brooklyn,6,3,3,0.5,1-3,2-0,
1610612752,0,12012,2012-10-29,East,New York,6,3,3,0.5,0-0,3-3,
1610612737,0,12012,2012-10-29,East,Atlanta,7,3,4,0.429,3-0,0-4,
1610612739,0,12012,2012-10-29,East,Cleveland,7,3,4,0.429,2-3,1-1,
1610612738,0,12012,2012-10-29,East,Boston,8,3,5,0.375,1-3,2-2,
1610612749,0,12012,2012-10-29,East,Milwaukee,8,3,5,0.375,1-3,2-2,
1610612764,0,12012,2012-10-29,East,Washington,8,3,5,0.375,0-1,3-4,
1610612753,0,12012,2012-10-29,East,Orlando,8,2,6,0.25,2-2,0-4,
1610612766,0,12012,2012-10-29,East,Charlotte,8,1,7,0.125,1-3,0-4,
1610612741,0,22011,2012-10-04,East,Chicago,66,50,16,0.758,26-7,24-9,
1610612748,0,22011,2012-10-04,East,Miami,66,46,20,0.6970000000000001,28-5,18-15,
1610612754,0,22011,2012-10-04,East,Indiana,66,42,24,0.636,23-10,19-14,
1610612737,0,22011,2012-10-04,East,Atlanta,66,40,26,0.606,23-10,17-16,
1610612738,0,22011,2012-10-04,East,Boston,66,39,27,0.591,24-9,15-18,
1610612753,0,22011,2012-10-04,East,Orlando,66,37,29,0.561,21-12,16-17,
1610612752,0,22011,2012-10-04,East,New York,66,36,30,0.545,22-11,14-19,
1610612755,0,22011,2012-10-04,East,Philadelphia,66,35,31,0.53,19-14,16-17,
1610612749,0,22011,2012-10-04,East,Milwaukee,66,31,35,0.47,17-16,14-19,
1610612765,0,22011,2012-10-04,East,Detroit,66,25,41,0.379,18-15,7-26,
1610612761,0,22011,2012-10-04,East,Toronto,66,23,43,0.348,13-20,10-23,
1610612751,0,22011,2012-10-04,East,New Jersey,66,22,44,0.3329999999999999,9-24,13-20,
1610612739,0,22011,2012-10-04,East,Cleveland,66,21,45,0.318,11-22,10-23,
1610612764,0,22011,2012-10-04,East,Washington,66,20,46,0.303,11-22,9-24,
1610612766,0,22011,2012-10-04,East,Charlotte,66,7,59,0.106,4-29,3-30,
1610612738,0,12011,2011-12-24,East,Boston,2,2,0,1.0,1-0,1-0,
1610612741,0,12011,2011-12-24,East,Chicago,2,2,0,1.0,1-0,1-0,
1610612752,0,12011,2011-12-24,East,New York,2,2,0,1.0,1-0,1-0,
1610612755,0,12011,2011-12-24,East,Philadelphia,2,2,0,1.0,1-0,1-0,
1610612737,0,12011,2011-12-24,East,Atlanta,2,1,1,0.5,1-0,0-1,
1610612766,0,12011,2011-12-24,East,Charlotte,2,1,1,0.5,1-0,0-1,
1610612739,0,12011,2011-12-24,East,Cleveland,2,1,1,0.5,0-1,1-0,
1610612765,0,12011,2011-12-24,East,Detroit,2,1,1,0.5,0-1,1-0,
1610612748,0,12011,2011-12-24,East,Miami,2,1,1,0.5,1-0,0-1,
1610612753,0,12011,2011-12-24,East,Orlando,2,1,1,0.5,1-0,0-1,
1610612754,0,12011,2011-12-24,East,Indiana,2,0,2,0.0,0-1,0-1,
1610612749,0,12011,2011-12-24,East,Milwaukee,2,0,2,0.0,0-1,0-1,
1610612751,0,12011,2011-12-24,East,New Jersey,2,0,2,0.0,0-1,0-1,
1610612761,0,12011,2011-12-24,East,Toronto,2,0,2,0.0,0-1,0-1,
1610612764,0,12011,2011-12-24,East,Washington,2,0,2,0.0,0-1,0-1,
1610612741,0,22010,2011-12-15,East,Chicago,82,62,20,0.7559999999999999,36-5,26-15,
1610612748,0,22010,2011-12-15,East,Miami,82,58,24,0.7070000000000001,30-11,28-13,
1610612738,0,22010,2011-12-15,East,Boston,82,56,26,0.6829999999999999,33-8,23-18,
1610612753,0,22010,2011-12-15,East,Orlando,82,52,30,0.634,29-12,23-18,
1610612737,0,22010,2011-12-15,East,Atlanta,82,44,38,0.537,24-17,20-21,
1610612752,0,22010,2011-12-15,East,New York,82,42,40,0.512,23-18,19-22,
1610612755,0,22010,2011-12-15,East,Philadelphia,82,41,41,0.5,26-15,15-26,
1610612754,0,22010,2011-12-15,East,Indiana,82,37,45,0.451,24-17,13-28,
1610612749,0,22010,2011-12-15,East,Milwaukee,82,35,47,0.4270000000000001,22-19,13-28,
1610612766,0,22010,2011-12-15,East,Charlotte,82,34,48,0.415,21-20,13-28,
1610612765,0,22010,2011-12-15,East,Detroit,82,30,52,0.366,21-20,9-32,
1610612751,0,22010,2011-12-15,East,New Jersey,82,24,58,0.293,19-22,5-36,
1610612764,0,22010,2011-12-15,East,Washington,82,23,59,0.28,20-21,3-38,
1610612761,0,22010,2011-12-15,East,Toronto,82,22,60,0.268,16-25,6-35,
1610612739,0,22010,2011-12-15,East,Cleveland,82,19,63,0.2319999999999999,12-29,7-34,
1610612753,0,12010,2010-10-25,East,Orlando,7,7,0,1.0,4-0,3-0,
1610612738,0,12010,2010-10-25,East,Boston,8,7,1,0.875,4-0,3-1,
1610612739,0,12010,2010-10-25,East,Cleveland,8,6,2,0.75,4-2,2-0,
1610612766,0,12010,2010-10-25,East,Charlotte,8,4,4,0.5,3-1,1-3,
1610612741,0,12010,2010-10-25,East,Chicago,8,4,4,0.5,3-1,1-3,
1610612761,0,12010,2010-10-25,East,Toronto,8,4,4,0.5,3-2,1-2,
1610612754,0,12010,2010-10-25,East,Indiana,7,3,4,0.429,2-1,1-3,
1610612748,0,12010,2010-10-25,East,Miami,7,3,4,0.429,3-1,0-3,
1610612764,0,12010,2010-10-25,East,Washington,7,3,4,0.429,1-1,2-3,
1610612765,0,12010,2010-10-25,East,Detroit,8,3,5,0.375,3-2,0-3,
1610612749,0,12010,2010-10-25,East,Milwaukee,8,3,5,0.375,2-1,1-4,
1610612751,0,12010,2010-10-25,East,New Jersey,8,3,5,0.375,2-2,1-3,
1610612752,0,12010,2010-10-25,East,New York,8,3,5,0.375,2-1,1-4,
1610612737,0,12010,2010-10-25,East,Atlanta,7,2,5,0.286,1-2,1-3,
1610612755,0,12010,2010-10-25,East,Philadelphia,7,2,5,0.286,2-1,0-4,
1610612739,0,22009,2010-10-02,East,Cleveland,82,61,21,0.7440000000000001,35-6,26-15,
1610612753,0,22009,2010-10-02,East,Orlando,82,59,23,0.72,34-7,25-16,
1610612737,0,22009,2010-10-02,East,Atlanta,82,53,29,0.6459999999999999,34-7,19-22,
1610612738,0,22009,2010-10-02,East,Boston,82,50,32,0.61,24-17,26-15,
1610612748,0,22009,2010-10-02,East,Miami,82,47,35,0.573,24-17,23-18,
1610612749,0,22009,2010-10-02,East,Milwaukee,82,46,36,0.561,28-13,18-23,
1610612766,0,22009,2010-10-02,East,Charlotte,82,44,38,0.537,31-10,13-28,
1610612741,0,22009,2010-10-02,East,Chicago,82,41,41,0.5,24-17,17-24,
1610612761,0,22009,2010-10-02,East,Toronto,82,40,42,0.488,25-16,15-26,
1610612754,0,22009,2010-10-02,East,Indiana,82,32,50,0.39,23-18,9-32,
1610612752,0,22009,2010-10-02,East,New York,82,29,53,0.354,18-23,11-30,
1610612765,0,22009,2010-10-02,East,Detroit,82,27,55,0.3289999999999999,17-24,10-31,
1610612755,0,22009,2010-10-02,East,Philadelphia,82,27,55,0.3289999999999999,12-29,15-26,
1610612764,0,22009,2010-10-02,East,Washington,82,26,56,0.317,15-26,11-30,
1610612751,0,22009,2010-10-02,East,New Jersey,82,12,70,0.146,8-33,4-37,
1610612753,0,12009,2009-10-26,East,Orlando,8,8,0,1.0,4-0,4-0,
1610612738,0,12009,2009-10-26,East,Boston,8,6,2,0.75,3-0,3-2,
1610612741,0,12009,2009-10-26,East,Chicago,8,6,2,0.75,4-1,2-1,
1610612737,0,12009,2009-10-26,East,Atlanta,7,5,2,0.7140000000000001,3-0,2-2,
1610612752,0,12009,2009-10-26,East,New York,7,5,2,0.7140000000000001,4-1,1-1,
1610612755,0,12009,2009-10-26,East,Philadelphia,8,5,3,0.625,2-1,3-2,
1610612739,0,12009,2009-10-26,East,Cleveland,8,4,4,0.5,3-2,1-2,
1610612765,0,12009,2009-10-26,East,Detroit,8,4,4,0.5,3-2,1-2,
1610612764,0,12009,2009-10-26,East,Washington,8,4,4,0.5,1-1,3-3,
1610612754,0,12009,2009-10-26,East,Indiana,7,3,4,0.429,3-1,0-3,
1610612749,0,12009,2009-10-26,East,Milwaukee,8,3,5,0.375,2-1,1-4,
1610612748,0,12009,2009-10-26,East,Miami,7,2,5,0.286,2-2,0-3,
1610612766,0,12009,2009-10-26,East,Charlotte,8,2,6,0.25,2-3,0-3,
1610612761,0,12009,2009-10-26,East,Toronto,8,2,6,0.25,1-3,1-3,
1610612751,0,12009,2009-10-26,East,New Jersey,7,1,6,0.143,1-2,0-4,
1610612739,0,22008,2009-09-30,East,Cleveland,82,66,16,0.805,39-2,27-14,
1610612738,0,22008,2009-09-30,East,Boston,82,62,20,0.7559999999999999,35-6,27-14,
1610612753,0,22008,2009-09-30,East,Orlando,82,59,23,0.72,32-9,27-14,
1610612737,0,22008,2009-09-30,East,Atlanta,82,47,35,0.573,31-10,16-25,
1610612748,0,22008,2009-09-30,East,Miami,82,43,39,0.524,28-13,15-26,
1610612741,0,22008,2009-09-30,East,Chicago,82,41,41,0.5,28-13,13-28,
1610612755,0,22008,2009-09-30,East,Philadelphia,82,41,41,0.5,24-17,17-24,
1610612765,0,22008,2009-09-30,East,Detroit,82,39,43,0.476,21-20,18-23,
1610612754,0,22008,2009-09-30,East,Indiana,82,36,46,0.439,25-16,11-30,
1610612766,0,22008,2009-09-30,East,Charlotte,82,35,47,0.4270000000000001,23-18,12-29,
1610612749,0,22008,2009-09-30,East,Milwaukee,82,34,48,0.415,22-19,12-29,
1610612751,0,22008,2009-09-30,East,New Jersey,82,34,48,0.415,19-22,15-26,
1610612761,0,22008,2009-09-30,East,Toronto,82,33,49,0.402,18-23,15-26,
1610612752,0,22008,2009-09-30,East,New York,82,32,50,0.39,20-21,12-29,
1610612764,0,22008,2009-09-30,East,Washington,82,19,63,0.2319999999999999,13-28,6-35,
1610612753,0,12008,2008-10-27,East,Orlando,7,6,1,0.857,3-1,3-0,
1610612738,0,12008,2008-10-27,East,Boston,8,6,2,0.75,3-1,3-1,
1610612765,0,12008,2008-10-27,East,Detroit,8,6,2,0.75,3-2,3-0,
1610612737,0,12008,2008-10-27,East,Atlanta,8,5,3,0.625,1-2,4-1,
1610612755,0,12008,2008-10-27,East,Philadelphia,7,4,3,0.5710000000000001,1-2,3-1,
1610612741,0,12008,2008-10-27,East,Chicago,8,4,4,0.5,2-3,2-1,
1610612754,0,12008,2008-10-27,East,Indiana,8,4,4,0.5,3-1,1-3,
1610612761,0,12008,2008-10-27,East,Toronto,8,4,4,0.5,2-3,2-1,
1610612751,0,12008,2008-10-27,East,New Jersey,7,3,4,0.429,1-3,2-1,
1610612752,0,12008,2008-10-27,East,New York,7,3,4,0.429,0-3,3-1,
1610612739,0,12008,2008-10-27,East,Cleveland,8,3,5,0.375,2-3,1-2,
1610612748,0,12008,2008-10-27,East,Miami,7,2,5,0.286,1-3,1-2,
1610612764,0,12008,2008-10-27,East,Washington,7,2,5,0.286,0-2,2-3,
1610612749,0,12008,2008-10-27,East,Milwaukee,8,1,7,0.125,1-3,0-4,
1610612766,0,12008,2008-10-27,East,Charlotte,8,0,8,0.0,0-2,0-6,
1610612738,0,22007,2008-10-04,East,Boston,82,66,16,0.805,35-6,31-10,
1610612765,0,22007,2008-10-04,East,Detroit,82,59,23,0.72,34-7,25-16,
1610612753,0,22007,2008-10-04,East,Orlando,82,52,30,0.634,25-16,27-14,
1610612739,0,22007,2008-10-04,East,Cleveland,82,45,37,0.5489999999999999,27-14,18-23,
1610612764,0,22007,2008-10-04,East,Washington,82,43,39,0.524,25-16,18-23,
1610612761,0,22007,2008-10-04,East,Toronto,82,41,41,0.5,25-16,16-25,
1610612755,0,22007,2008-10-04,East,Philadelphia,82,40,42,0.488,22-19,18-23,
1610612737,0,22007,2008-10-04,East,Atlanta,82,37,45,0.451,25-16,12-29,
1610612754,0,22007,2008-10-04,East,Indiana,82,36,46,0.439,21-20,15-26,
1610612751,0,22007,2008-10-04,East,New Jersey,82,34,48,0.415,21-20,13-28,
1610612741,0,22007,2008-10-04,East,Chicago,82,33,49,0.402,20-21,13-28,
1610612766,0,22007,2008-10-04,East,Charlotte,82,32,50,0.39,21-20,11-30,
1610612749,0,22007,2008-10-04,East,Milwaukee,82,26,56,0.317,19-22,7-34,
1610612752,0,22007,2008-10-04,East,New York,82,23,59,0.28,15-26,8-33,
1610612748,0,22007,2008-10-04,East,Miami,82,15,67,0.183,9-32,6-35,
1610612737,0,12007,2007-10-29,East,Atlanta,8,7,1,0.875,3-1,4-0,
1610612753,0,12007,2007-10-29,East,Orlando,7,6,1,0.857,4-1,2-0,
1610612754,0,12007,2007-10-29,East,Indiana,7,5,2,0.7140000000000001,3-1,2-1,
1610612761,0,12007,2007-10-29,East,Toronto,6,4,2,0.667,3-0,1-2,
1610612751,0,12007,2007-10-29,East,New Jersey,5,3,2,0.6,2-1,1-1,
1610612752,0,12007,2007-10-29,East,New York,5,3,2,0.6,3-0,0-2,
1610612741,0,12007,2007-10-29,East,Chicago,7,4,3,0.5710000000000001,4-0,0-3,
1610612764,0,12007,2007-10-29,East,Washington,7,4,3,0.5710000000000001,2-0,2-3,
1610612765,0,12007,2007-10-29,East,Detroit,8,4,4,0.5,4-1,0-3,
1610612738,0,12007,2007-10-29,East,Boston,6,3,3,0.5,2-1,1-2,
1610612749,0,12007,2007-10-29,East,Milwaukee,7,3,4,0.429,2-2,1-2,
1610612755,0,12007,2007-10-29,East,Philadelphia,6,2,4,0.3329999999999999,0-2,2-2,
1610612766,0,12007,2007-10-29,East,Charlotte,7,2,5,0.286,2-2,0-3,
1610612739,0,12007,2007-10-29,East,Cleveland,6,1,5,0.1669999999999999,1-3,0-2,
1610612748,0,12007,2007-10-29,East,Miami,7,0,7,0.0,0-3,0-4,
1610612765,0,22006,2007-10-05,East,Detroit,82,53,29,0.6459999999999999,26-15,27-14,
1610612739,0,22006,2007-10-05,East,Cleveland,82,50,32,0.61,30-11,20-21,
1610612741,0,22006,2007-10-05,East,Chicago,82,49,33,0.598,31-10,18-23,
1610612761,0,22006,2007-10-05,East,Toronto,82,47,35,0.573,30-11,17-24,
1610612748,0,22006,2007-10-05,East,Miami,82,44,38,0.537,27-14,17-24,
1610612751,0,22006,2007-10-05,East,New Jersey,82,41,41,0.5,24-17,17-24,
1610612764,0,22006,2007-10-05,East,Washington,82,41,41,0.5,26-15,15-26,
1610612753,0,22006,2007-10-05,East,Orlando,82,40,42,0.488,25-16,15-26,
1610612754,0,22006,2007-10-05,East,Indiana,82,35,47,0.4270000000000001,22-19,13-28,
1610612755,0,22006,2007-10-05,East,Philadelphia,82,35,47,0.4270000000000001,21-20,14-27,
1610612766,0,22006,2007-10-05,East,Charlotte,82,33,49,0.402,20-21,13-28,
1610612752,0,22006,2007-10-05,East,New York,82,33,49,0.402,19-22,14-27,
1610612737,0,22006,2007-10-05,East,Atlanta,82,30,52,0.366,18-23,12-29,
1610612749,0,22006,2007-10-05,East,Milwaukee,82,28,54,0.341,18-23,10-31,
1610612738,0,22006,2007-10-05,East,Boston,82,24,58,0.293,12-29,12-29,
1610612761,0,12006,2006-10-30,East,Toronto,8,7,1,0.875,4-0,3-1,
1610612741,0,12006,2006-10-30,East,Chicago,8,6,2,0.75,4-1,2-1,
1610612753,0,12006,2006-10-30,East,Orlando,8,6,2,0.75,2-2,4-0,
1610612752,0,12006,2006-10-30,East,New York,6,4,2,0.667,3-0,1-2,
1610612737,0,12006,2006-10-30,East,Atlanta,8,5,3,0.625,2-2,3-1,
1610612765,0,12006,2006-10-30,East,Detroit,8,5,3,0.625,3-2,2-1,
1610612764,0,12006,2006-10-30,East,Washington,8,4,4,0.5,0-1,4-3,
1610612755,0,12006,2006-10-30,East,Philadelphia,7,3,4,0.429,3-1,0-3,
1610612738,0,12006,2006-10-30,East,Boston,8,3,5,0.375,2-2,1-3,
1610612754,0,12006,2006-10-30,East,Indiana,8,3,5,0.375,2-2,1-3,
1610612749,0,12006,2006-10-30,East,Milwaukee,8,3,5,0.375,2-2,1-3,
1610612751,0,12006,2006-10-30,East,New Jersey,8,3,5,0.375,3-0,0-5,
1610612748,0,12006,2006-10-30,East,Miami,7,2,5,0.286,1-2,1-3,
1610612766,0,12006,2006-10-30,East,Charlotte,8,2,6,0.25,1-4,1-2,
1610612739,0,12006,2006-10-30,East,Cleveland,8,2,6,0.25,1-5,1-1,
1610612765,0,22005,2006-10-04,East,Detroit,82,64,18,0.78,37-4,27-14,
1610612748,0,22005,2006-10-04,East,Miami,82,52,30,0.634,31-10,21-20,
1610612739,0,22005,2006-10-04,East,Cleveland,82,50,32,0.61,31-10,19-22,
1610612751,0,22005,2006-10-04,East,New Jersey,82,49,33,0.598,29-12,20-21,
1610612764,0,22005,2006-10-04,East,Washington,82,42,40,0.512,27-14,15-26,
1610612741,0,22005,2006-10-04,East,Chicago,82,41,41,0.5,21-20,20-21,
1610612754,0,22005,2006-10-04,East,Indiana,82,41,41,0.5,27-14,14-27,
1610612749,0,22005,2006-10-04,East,Milwaukee,82,40,42,0.488,25-16,15-26,
1610612755,0,22005,2006-10-04,East,Philadelphia,82,38,44,0.4629999999999999,23-18,15-26,
1610612753,0,22005,2006-10-04,East,Orlando,82,36,46,0.439,26-15,10-31,
1610612738,0,22005,2006-10-04,East,Boston,82,33,49,0.402,21-20,12-29,
1610612761,0,22005,2006-10-04,East,Toronto,82,27,55,0.3289999999999999,15-26,12-29,
1610612737,0,22005,2006-10-04,East,Atlanta,82,26,56,0.317,18-23,8-33,
1610612766,0,22005,2006-10-04,East,Charlotte,82,26,56,0.317,17-24,9-32,
1610612752,0,22005,2006-10-04,East,New York,82,23,59,0.28,15-26,8-33,
1610612753,0,12005,2005-10-31,East,Orlando,6,4,2,0.667,2-0,2-2,
1610612739,0,12005,2005-10-31,East,Cleveland,8,5,3,0.625,3-1,2-2,
1610612754,0,12005,2005-10-31,East,Indiana,8,5,3,0.625,3-1,2-2,
1610612751,0,12005,2005-10-31,East,New Jersey,8,5,3,0.625,3-1,2-2,
1610612765,0,12005,2005-10-31,East,Detroit,8,4,4,0.5,4-1,0-3,
1610612748,0,12005,2005-10-31,East,Miami,7,3,4,0.429,3-2,0-2,
1610612752,0,12005,2005-10-31,East,New York,7,3,4,0.429,0-3,3-1,
1610612755,0,12005,2005-10-31,East,Philadelphia,7,3,4,0.429,1-3,2-1,
1610612761,0,12005,2005-10-31,East,Toronto,7,3,4,0.429,2-2,1-2,
1610612737,0,12005,2005-10-31,East,Atlanta,8,3,5,0.375,2-2,1-3,
1610612738,0,12005,2005-10-31,East,Boston,8,3,5,0.375,3-1,0-4,
1610612766,0,12005,2005-10-31,East,Charlotte,8,3,5,0.375,2-1,1-4,
1610612741,0,12005,2005-10-31,East,Chicago,8,3,5,0.375,2-2,1-3,
1610612749,0,12005,2005-10-31,East,Milwaukee,8,3,5,0.375,2-1,1-4,
1610612764,0,12005,2005-10-31,East,Washington,8,3,5,0.375,1-1,2-4,
1610612748,0,22004,2005-10-09,East,Miami,82,59,23,0.72,35-6,24-17,
1610612765,0,22004,2005-10-09,East,Detroit,82,54,28,0.659,32-9,22-19,
1610612741,0,22004,2005-10-09,East,Chicago,82,47,35,0.573,27-14,20-21,
1610612738,0,22004,2005-10-09,East,Boston,82,45,37,0.5489999999999999,27-14,18-23,
1610612764,0,22004,2005-10-09,East,Washington,82,45,37,0.5489999999999999,29-12,16-25,
1610612754,0,22004,2005-10-09,East,Indiana,82,44,38,0.537,25-16,19-22,
1610612755,0,22004,2005-10-09,East,Philadelphia,82,43,39,0.524,25-16,18-23,
1610612739,0,22004,2005-10-09,East,Cleveland,82,42,40,0.512,29-12,13-28,
1610612751,0,22004,2005-10-09,East,New Jersey,82,42,40,0.512,24-17,18-23,
1610612753,0,22004,2005-10-09,East,Orlando,82,36,46,0.439,24-17,12-29,
1610612752,0,22004,2005-10-09,East,New York,82,33,49,0.402,22-19,11-30,
1610612761,0,22004,2005-10-09,East,Toronto,82,33,49,0.402,22-19,11-30,
1610612749,0,22004,2005-10-09,East,Milwaukee,82,30,52,0.366,23-18,7-34,
1610612766,0,22004,2005-10-09,East,Charlotte,82,18,64,0.22,14-27,4-37,
1610612737,0,22004,2005-10-09,East,Atlanta,82,13,69,0.159,9-32,4-37,
1610612737,0,12004,2004-11-01,East,Atlanta,0,0,0,0.0,0-0,0-0,
1610612738,0,12004,2004-11-01,East,Boston,0,0,0,0.0,0-0,0-0,
1610612766,0,12004,2004-11-01,East,Charlotte,0,0,0,0.0,0-0,0-0,
1610612741,0,12004,2004-11-01,East,Chicago,0,0,0,0.0,0-0,0-0,
1610612739,0,12004,2004-11-01,East,Cleveland,0,0,0,0.0,0-0,0-0,
1610612765,0,12004,2004-11-01,East,Detroit,0,0,0,0.0,0-0,0-0,
1610612754,0,12004,2004-11-01,East,Indiana,0,0,0,0.0,0-0,0-0,
1610612748,0,12004,2004-11-01,East,Miami,0,0,0,0.0,0-0,0-0,
1610612749,0,12004,2004-11-01,East,Milwaukee,0,0,0,0.0,0-0,0-0,
1610612751,0,12004,2004-11-01,East,New Jersey,0,0,0,0.0,0-0,0-0,
1610612752,0,12004,2004-11-01,East,New York,0,0,0,0.0,0-0,0-0,
1610612753,0,12004,2004-11-01,East,Orlando,0,0,0,0.0,0-0,0-0,
1610612755,0,12004,2004-11-01,East,Philadelphia,0,0,0,0.0,0-0,0-0,
1610612761,0,12004,2004-11-01,East,Toronto,0,0,0,0.0,0-0,0-0,
1610612764,0,12004,2004-11-01,East,Washington,0,0,0,0.0,0-0,0-0,
1610612754,0,22003,2004-10-11,East,Indiana,82,61,21,0.7440000000000001,34-7,27-14,
1610612765,0,22003,2004-10-11,East,Detroit,82,54,28,0.659,31-10,23-18,
1610612751,0,22003,2004-10-11,East,New Jersey,82,47,35,0.573,28-13,19-22,
1610612748,0,22003,2004-10-11,East,Miami,82,42,40,0.512,29-12,13-28,
1610612749,0,22003,2004-10-11,East,Milwaukee,82,41,41,0.5,27-14,14-27,
1610612740,0,22003,2004-10-11,East,New Orleans,82,41,41,0.5,25-16,16-25,
1610612752,0,22003,2004-10-11,East,New York,82,39,43,0.476,23-18,16-25,
1610612738,0,22003,2004-10-11,East,Boston,82,36,46,0.439,19-22,17-24,
1610612739,0,22003,2004-10-11,East,Cleveland,82,35,47,0.4270000000000001,23-18,12-29,
1610612755,0,22003,2004-10-11,East,Philadelphia,82,33,49,0.402,21-20,12-29,
1610612761,0,22003,2004-10-11,East,Toronto,82,33,49,0.402,18-23,15-26,
1610612737,0,22003,2004-10-11,East,Atlanta,82,28,54,0.341,18-23,10-31,
1610612764,0,22003,2004-10-11,East,Washington,82,25,57,0.305,17-24,8-33,
1610612741,0,22003,2004-10-11,East,Chicago,82,23,59,0.28,14-27,9-32,
1610612753,0,22003,2004-10-11,East,Orlando,82,21,61,0.256,11-30,10-31,
1610612737,0,12003,2003-10-27,East,Atlanta,0,0,0,0.0,0-0,0-0,
1610612738,0,12003,2003-10-27,East,Boston,0,0,0,0.0,0-0,0-0,
1610612741,0,12003,2003-10-27,East,Chicago,0,0,0,0.0,0-0,0-0,
1610612739,0,12003,2003-10-27,East,Cleveland,0,0,0,0.0,0-0,0-0,
1610612765,0,12003,2003-10-27,East,Detroit,0,0,0,0.0,0-0,0-0,
1610612754,0,12003,2003-10-27,East,Indiana,0,0,0,0.0,0-0,0-0,
1610612748,0,12003,2003-10-27,East,Miami,0,0,0,0.0,0-0,0-0,
1610612749,0,12003,2003-10-27,East,Milwaukee,0,0,0,0.0,0-0,0-0,
1610612751,0,12003,2003-10-27,East,New Jersey,0,0,0,0.0,0-0,0-0,
1610612740,0,12003,2003-10-27,East,New Orleans,0,0,0,0.0,0-0,0-0,
1610612752,0,12003,2003-10-27,East,New York,0,0,0,0.0,0-0,0-0,
1610612753,0,12003,2003-10-27,East,Orlando,0,0,0,0.0,0-0,0-0,
1610612755,0,12003,2003-10-27,East,Philadelphia,0,0,0,0.0,0-0,0-0,
1610612761,0,12003,2003-10-27,East,Toronto,0,0,0,0.0,0-0,0-0,
1610612764,0,12003,2003-10-27,East,Washington,0,0,0,0.0,0-0,0-0,
1610612765,0,22002,2003-10-04,East,Detroit,82,50,32,0.61,30-11,20-21,
1610612751,0,22002,2003-10-04,East,New Jersey,82,49,33,0.598,33-8,16-25,
1610612754,0,22002,2003-10-04,East,Indiana,82,48,34,0.585,32-9,16-25,
1610612755,0,22002,2003-10-04,East,Philadelphia,82,48,34,0.585,25-16,23-18,
1610612740,0,22002,2003-10-04,East,New Orleans,82,47,35,0.573,29-12,18-23,
1610612738,0,22002,2003-10-04,East,Boston,82,44,38,0.537,25-16,19-22,
1610612749,0,22002,2003-10-04,East,Milwaukee,82,42,40,0.512,25-16,17-24,
1610612753,0,22002,2003-10-04,East,Orlando,82,42,40,0.512,26-15,16-25,
1610612752,0,22002,2003-10-04,East,New York,82,37,45,0.451,24-17,13-28,
1610612764,0,22002,2003-10-04,East,Washington,82,37,45,0.451,23-18,14-27,
1610612737,0,22002,2003-10-04,East,Atlanta,82,35,47,0.4270000000000001,26-15,9-32,
1610612741,0,22002,2003-10-04,East,Chicago,82,30,52,0.366,27-14,3-38,
1610612748,0,22002,2003-10-04,East,Miami,82,25,57,0.305,16-25,9-32,
1610612761,0,22002,2003-10-04,East,Toronto,82,24,58,0.293,15-26,9-32,
1610612739,0,22002,2003-10-04,East,Cleveland,82,17,65,0.207,14-27,3-38,
1610612749,0,22018,2019-09-29,East,Milwaukee,82,60,22,0.732,33-8,27-14,
1610612761,0,22018,2019-09-29,East,Toronto,82,58,24,0.7070000000000001,32-9,26-15,
1610612755,0,22018,2019-09-29,East,Philadelphia,82,51,31,0.622,31-10,20-21,
1610612738,0,22018,2019-09-29,East,Boston,82,49,33,0.598,28-13,21-20,
1610612754,0,22018,2019-09-29,East,Indiana,82,48,34,0.585,29-12,19-22,
1610612751,0,22018,2019-09-29,East,Brooklyn,82,42,40,0.512,23-18,19-22,
1610612753,0,22018,2019-09-29,East,Orlando,82,42,40,0.512,25-16,17-24,
1610612765,0,22018,2019-09-29,East,Detroit,82,41,41,0.5,26-15,15-26,
1610612766,0,22018,2019-09-29,East,Charlotte,82,39,43,0.476,25-16,14-27,
1610612748,0,22018,2019-09-29,East,Miami,82,39,43,0.476,19-22,20-21,
1610612764,0,22018,2019-09-29,East,Washington,82,32,50,0.39,22-19,10-31,
1610612737,0,22018,2019-09-29,East,Atlanta,82,29,53,0.354,17-24,12-29,
1610612741,0,22018,2019-09-29,East,Chicago,82,22,60,0.268,9-32,13-28,
1610612739,0,22018,2019-09-29,East,Cleveland,82,19,63,0.2319999999999999,13-28,6-35,
1610612752,0,22018,2019-09-29,East,New York,82,17,65,0.207,9-32,8-33,
1610612766,0,12018,2018-10-15,East,Charlotte,5,4,1,0.8,3-0,1-1,
1610612761,0,12018,2018-10-15,East,Toronto,5,4,1,0.8,3-0,1-1,
1610612764,0,12018,2018-10-15,East,Washington,5,4,1,0.8,2-1,2-0,
1610612749,0,12018,2018-10-15,East,Milwaukee,4,3,1,0.75,2-0,1-1,
1610612755,0,12018,2018-10-15,East,Philadelphia,4,3,1,0.75,2-1,1-0,
1610612752,0,12018,2018-10-15,East,New York,5,3,2,0.6,1-2,2-0,
1610612748,0,12018,2018-10-15,East,Miami,6,3,3,0.5,3-0,0-3,
1610612751,0,12018,2018-10-15,East,Brooklyn,4,2,2,0.5,0-1,2-1,
1610612739,0,12018,2018-10-15,East,Cleveland,4,2,2,0.5,1-2,1-0,
1610612754,0,12018,2018-10-15,East,Indiana,4,2,2,0.5,0-0,2-2,
1610612737,0,12018,2018-10-15,East,Atlanta,5,2,3,0.4,2-0,0-3,
1610612741,0,12018,2018-10-15,East,Chicago,5,2,3,0.4,2-1,0-2,
1610612765,0,12018,2018-10-15,East,Detroit,5,2,3,0.4,0-2,2-1,
1610612753,0,12018,2018-10-15,East,Orlando,5,2,3,0.4,2-1,0-2,
1610612738,0,12018,2018-10-15,East,Boston,4,1,3,0.25,1-1,0-2,
1610612761,0,22017,2018-09-27,East,Toronto,82,59,23,0.72,34-7,25-16,
1610612738,0,22017,2018-09-27,East,Boston,82,55,27,0.6709999999999999,27-14,28-13,
1610612755,0,22017,2018-09-27,East,Philadelphia,82,52,30,0.634,30-11,22-19,
1610612739,0,22017,2018-09-27,East,Cleveland,82,50,32,0.61,29-12,21-20,
1610612754,0,22017,2018-09-27,East,Indiana,82,48,34,0.585,27-14,21-20,
1610612748,0,22017,2018-09-27,East,Miami,82,44,38,0.537,26-15,18-23,
1610612749,0,22017,2018-09-27,East,Milwaukee,82,44,38,0.537,25-16,19-22,
1610612764,0,22017,2018-09-27,East,Washington,82,43,39,0.524,23-18,20-21,
1610612765,0,22017,2018-09-27,East,Detroit,82,39,43,0.476,25-16,14-27,
1610612766,0,22017,2018-09-27,East,Charlotte,82,36,46,0.439,21-20,15-26,
1610612752,0,22017,2018-09-27,East,New York,82,29,53,0.354,19-22,10-31,
1610612751,0,22017,2018-09-27,East,Brooklyn,82,28,54,0.341,15-26,13-28,
1610612741,0,22017,2018-09-27,East,Chicago,82,27,55,0.3289999999999999,17-24,10-31,
1610612753,0,22017,2018-09-27,East,Orlando,82,25,57,0.305,17-24,8-33,
1610612737,0,22017,2018-09-27,East,Atlanta,82,24,58,0.293,16-25,8-33,
1610612738,0,12017,2017-10-16,East,Boston,4,4,0,1.0,2-0,2-0,
1610612764,0,12017,2017-10-16,East,Washington,5,4,1,0.8,3-0,1-1,
1610612751,0,12017,2017-10-16,East,Brooklyn,4,3,1,0.75,2-1,1-0,
1610612754,0,12017,2017-10-16,East,Indiana,4,3,1,0.75,1-0,2-1,
1610612761,0,12017,2017-10-16,East,Toronto,5,3,2,0.6,2-0,1-2,
1610612741,0,12017,2017-10-16,East,Chicago,6,3,3,0.5,1-2,2-1,
1610612748,0,12017,2017-10-16,East,Miami,6,3,3,0.5,3-0,0-3,
1610612753,0,12017,2017-10-16,East,Orlando,6,3,3,0.5,2-1,1-2,
1610612737,0,12017,2017-10-16,East,Atlanta,5,2,3,0.4,1-1,1-2,
1610612766,0,12017,2017-10-16,East,Charlotte,5,2,3,0.4,1-1,1-2,
1610612765,0,12017,2017-10-16,East,Detroit,5,2,3,0.4,2-1,0-2,
1610612755,0,12017,2017-10-16,East,Philadelphia,5,2,3,0.4,1-2,1-1,
1610612749,0,12017,2017-10-16,East,Milwaukee,4,1,3,0.25,1-1,0-2,
1610612739,0,12017,2017-10-16,East,Cleveland,5,1,4,0.2,0-3,1-1,
1610612752,0,12017,2017-10-16,East,New York,5,0,5,0.0,0-3,0-2,
1610612738,0,22016,2017-09-29,East,Boston,82,53,29,0.6459999999999999,30-11,23-18,
1610612739,0,22016,2017-09-29,East,Cleveland,82,51,31,0.622,31-10,20-21,
1610612761,0,22016,2017-09-29,East,Toronto,82,51,31,0.622,28-13,23-18,
1610612764,0,22016,2017-09-29,East,Washington,82,49,33,0.598,30-11,19-22,
1610612737,0,22016,2017-09-29,East,Atlanta,82,43,39,0.524,23-18,20-21,
1610612754,0,22016,2017-09-29,East,Indiana,82,42,40,0.512,29-12,13-28,
1610612749,0,22016,2017-09-29,East,Milwaukee,82,42,40,0.512,23-18,19-22,
1610612741,0,22016,2017-09-29,East,Chicago,82,41,41,0.5,25-16,16-25,
1610612748,0,22016,2017-09-29,East,Miami,82,41,41,0.5,23-18,18-23,
1610612765,0,22016,2017-09-29,East,Detroit,82,37,45,0.451,24-17,13-28,
1610612766,0,22016,2017-09-29,East,Charlotte,82,36,46,0.439,22-19,14-27,
1610612752,0,22016,2017-09-29,East,New York,82,31,51,0.3779999999999999,19-22,12-29,
1610612753,0,22016,2017-09-29,East,Orlando,82,29,53,0.354,16-25,13-28,
1610612755,0,22016,2017-09-29,East,Philadelphia,82,28,54,0.341,17-24,11-30,
1610612751,0,22016,2017-09-29,East,Brooklyn,82,20,62,0.244,13-28,7-34,
1610612737,0,12016,2016-10-24,East,Atlanta,7,5,2,0.7140000000000001,2-1,3-1,
1610612738,0,12016,2016-10-24,East,Boston,7,5,2,0.7140000000000001,2-1,3-1,
1610612752,0,12016,2016-10-24,East,New York,6,4,2,0.667,2-1,2-1,
1610612761,0,12016,2016-10-24,East,Toronto,7,4,3,0.5710000000000001,2-1,2-2,
1610612764,0,12016,2016-10-24,East,Washington,7,4,3,0.5710000000000001,2-1,2-2,
1610612748,0,12016,2016-10-24,East,Miami,8,4,4,0.5,2-3,2-1,
1610612765,0,12016,2016-10-24,East,Detroit,6,3,3,0.5,1-2,2-1,
1610612754,0,12016,2016-10-24,East,Indiana,6,3,3,0.5,2-0,1-3,
1610612749,0,12016,2016-10-24,East,Milwaukee,6,3,3,0.5,2-1,1-2,
1610612766,0,12016,2016-10-24,East,Charlotte,7,3,4,0.429,2-1,1-3,
1610612741,0,12016,2016-10-24,East,Chicago,7,3,4,0.429,2-3,1-1,
1610612739,0,12016,2016-10-24,East,Cleveland,6,2,4,0.3329999999999999,2-2,0-2,
1610612753,0,12016,2016-10-24,East,Orlando,7,2,5,0.286,2-2,0-3,
1610612755,0,12016,2016-10-24,East,Philadelphia,7,2,5,0.286,1-2,1-3,
1610612751,0,12016,2016-10-24,East,Brooklyn,6,1,5,0.1669999999999999,1-2,0-3,
1610612739,0,22015,2016-09-30,East,Cleveland,82,57,25,0.695,33-8,24-17,
1610612761,0,22015,2016-09-30,East,Toronto,82,56,26,0.6829999999999999,32-9,24-17,
1610612737,0,22015,2016-09-30,East,Atlanta,82,48,34,0.585,27-14,21-20,
1610612738,0,22015,2016-09-30,East,Boston,82,48,34,0.585,28-13,20-21,
1610612766,0,22015,2016-09-30,East,Charlotte,82,48,34,0.585,30-11,18-23,
1610612748,0,22015,2016-09-30,East,Miami,82,48,34,0.585,28-13,20-21,
1610612754,0,22015,2016-09-30,East,Indiana,82,45,37,0.5489999999999999,26-15,19-22,
1610612765,0,22015,2016-09-30,East,Detroit,82,44,38,0.537,26-15,18-23,
1610612741,0,22015,2016-09-30,East,Chicago,82,42,40,0.512,26-15,16-25,
1610612764,0,22015,2016-09-30,East,Washington,82,41,41,0.5,22-19,19-22,
1610612753,0,22015,2016-09-30,East,Orlando,82,35,47,0.4270000000000001,23-18,12-29,
1610612749,0,22015,2016-09-30,East,Milwaukee,82,33,49,0.402,23-18,10-31,
1610612752,0,22015,2016-09-30,East,New York,82,32,50,0.39,18-23,14-27,
1610612751,0,22015,2016-09-30,East,Brooklyn,82,21,61,0.256,14-27,7-34,
1610612755,0,22015,2016-09-30,East,Philadelphia,82,10,72,0.122,7-34,3-38,
1610612766,0,12015,2015-10-26,East,Charlotte,8,7,1,0.875,3-0,4-1,
1610612738,0,12015,2015-10-26,East,Boston,7,6,1,0.857,3-0,3-1,
1610612753,0,12015,2015-10-26,East,Orlando,8,6,2,0.75,3-1,3-1,
1610612754,0,12015,2015-10-26,East,Indiana,7,5,2,0.7140000000000001,3-1,2-1,
1610612761,0,12015,2015-10-26,East,Toronto,7,5,2,0.7140000000000001,4-0,1-2,
1610612752,0,12015,2015-10-26,East,New York,6,4,2,0.667,3-0,1-2,
1610612737,0,12015,2015-10-26,East,Atlanta,7,4,3,0.5710000000000001,1-2,3-1,
1610612764,0,12015,2015-10-26,East,Washington,7,4,3,0.5710000000000001,2-1,2-2,
1610612741,0,12015,2015-10-26,East,Chicago,8,4,4,0.5,3-2,1-2,
1610612748,0,12015,2015-10-26,East,Miami,8,4,4,0.5,2-2,2-2,
1610612765,0,12015,2015-10-26,East,Detroit,8,3,5,0.375,1-3,2-2,
1610612751,0,12015,2015-10-26,East,Brooklyn,6,2,4,0.3329999999999999,1-2,1-2,
1610612749,0,12015,2015-10-26,East,Milwaukee,6,2,4,0.3329999999999999,1-2,1-2,
1610612755,0,12015,2015-10-26,East,Philadelphia,7,2,5,0.286,2-1,0-4,
1610612739,0,12015,2015-10-26,East,Cleveland,7,1,6,0.143,1-4,0-2,
1610612737,0,22014,2015-10-01,East,Atlanta,82,60,22,0.732,35-6,25-16,
1610612739,0,22014,2015-10-01,East,Cleveland,82,53,29,0.6459999999999999,31-10,22-19,
1610612741,0,22014,2015-10-01,East,Chicago,82,50,32,0.61,27-14,23-18,
1610612761,0,22014,2015-10-01,East,Toronto,82,49,33,0.598,27-14,22-19,
1610612764,0,22014,2015-10-01,East,Washington,82,46,36,0.561,29-12,17-24,
1610612749,0,22014,2015-10-01,East,Milwaukee,82,41,41,0.5,23-18,18-23,
1610612738,0,22014,2015-10-01,East,Boston,82,40,42,0.488,21-20,19-22,
1610612751,0,22014,2015-10-01,East,Brooklyn,82,38,44,0.4629999999999999,19-22,19-22,
1610612754,0,22014,2015-10-01,East,Indiana,82,38,44,0.4629999999999999,23-18,15-26,
1610612748,0,22014,2015-10-01,East,Miami,82,37,45,0.451,20-21,17-24,
1610612766,0,22014,2015-10-01,East,Charlotte,82,33,49,0.402,19-22,14-27,
1610612765,0,22014,2015-10-01,East,Detroit,82,32,50,0.39,18-23,14-27,
1610612753,0,22014,2015-10-01,East,Orlando,82,25,57,0.305,13-28,12-29,
1610612755,0,22014,2015-10-01,East,Philadelphia,82,18,64,0.22,12-29,6-35,
1610612752,0,22014,2015-10-01,East,New York,82,17,65,0.207,10-31,7-34,
1610612761,0,12014,2014-10-27,East,Toronto,8,7,1,0.875,4-0,3-1,
1610612739,0,12014,2014-10-27,East,Cleveland,7,5,2,0.7140000000000001,4-1,1-1,
1610612765,0,12014,2014-10-27,East,Detroit,7,5,2,0.7140000000000001,3-0,2-2,
1610612751,0,12014,2014-10-27,East,Brooklyn,6,4,2,0.667,3-1,1-1,
1610612738,0,12014,2014-10-27,East,Boston,8,5,3,0.625,3-2,2-1,
1610612737,0,12014,2014-10-27,East,Atlanta,7,4,3,0.5710000000000001,2-1,2-2,
1610612741,0,12014,2014-10-27,East,Chicago,8,4,4,0.5,3-2,1-2,
1610612748,0,12014,2014-10-27,East,Miami,8,4,4,0.5,2-4,2-0,
1610612753,0,12014,2014-10-27,East,Orlando,8,4,4,0.5,2-2,2-2,
1610612764,0,12014,2014-10-27,East,Washington,8,4,4,0.5,2-2,2-2,
1610612754,0,12014,2014-10-27,East,Indiana,7,3,4,0.429,2-1,1-3,
1610612749,0,12014,2014-10-27,East,Milwaukee,7,3,4,0.429,1-2,2-2,
1610612752,0,12014,2014-10-27,East,New York,7,3,4,0.429,1-2,2-2,
1610612766,0,12014,2014-10-27,East,Charlotte,8,3,5,0.375,2-2,1-3,
1610612755,0,12014,2014-10-27,East,Philadelphia,8,2,6,0.25,2-2,0-4,
